link,movie_name,ranking,score,score_num
,,,,
https://movie.douban.com/subject/24773958/,复仇者联盟3：无限战争,24773958,8.1,385756
,,,,
https://movie.douban.com/subject/1292052/,肖申克的救赎,1292052,9.6,1136694
,,,,
https://movie.douban.com/subject/26683290/,你的名字。,26683290,8.4,556641
,,,,
https://movie.douban.com/subject/1295644/,这个杀手不太冷,1295644,9.4,1051126
,,,,
https://movie.douban.com/subject/3319755/,怦然心动,3319755,9,707036
,,,,
https://movie.douban.com/subject/26861685/,红海行动,26861685,8.3,466905
,,,,
https://movie.douban.com/subject/1291546/,霸王别姬,1291546,9.5,828987
,,,,
https://movie.douban.com/subject/26387939/,摔跤吧！爸爸,26387939,9.1,592492
,,,,
https://movie.douban.com/subject/1292722/,泰坦尼克号,1292722,9.3,833889
,,,,
https://movie.douban.com/subject/20495023/,寻梦环游记,20495023,9,558821
,,,,
https://movie.douban.com/subject/3541415/,盗梦空间,3541415,9.3,921565
,,,,
https://movie.douban.com/subject/4920389/,头号玩家,4920389,8.7,528838
,,,,
https://movie.douban.com/subject/1889243/,星际穿越,1889243,9.2,616090
,,,,
https://movie.douban.com/subject/3011091/,忠犬八公的故事,3011091,9.3,587951
,,,,
https://movie.douban.com/subject/26325320/,血战钢锯岭,26325320,8.7,367895
,,,,
https://movie.douban.com/subject/25986180/,釜山行,25986180,8.3,416944
,,,,
https://movie.douban.com/subject/1292720/,阿甘正传,1292720,9.4,897278
,,,,
https://movie.douban.com/subject/25662329/,疯狂动物城,25662329,9.1,664747
,,,,
https://movie.douban.com/subject/3742360/,让子弹飞,3742360,8.7,741051
,,,,
https://movie.douban.com/subject/4920528/,那些年，我们一起追的女孩,4920528,8.1,554430
,,,,
https://movie.douban.com/subject/1291561/,千与千寻,1291561,9.3,833447
,,,,
https://movie.douban.com/subject/1292213/,大话西游之大圣娶亲,1292213,9.2,618400
,,,,
https://movie.douban.com/subject/1306249/,唐伯虎点秋香,1306249,8.4,390953
,,,,
https://movie.douban.com/subject/25934014/,爱乐之城,25934014,8.3,411599
,,,,
https://movie.douban.com/subject/1307914/,无间道,1307914,9.1,503383
,,,,
https://movie.douban.com/subject/26611804/,三块广告牌,26611804,8.7,328517
,,,,
https://movie.douban.com/subject/2131459/,机器人总动员,2131459,9.3,608157
,,,,
https://movie.douban.com/subject/3793023/,三傻大闹宝莱坞,3793023,9.2,827250
,,,,
https://movie.douban.com/subject/1292215/,天使爱美丽,1292215,8.7,551782
,,,,
https://movie.douban.com/subject/1866479/,复仇者联盟,1866479,8,375465
,,,,
https://movie.douban.com/subject/27024903/,天才枪手,27024903,8.1,359561
,,,,
https://movie.douban.com/subject/1293839/,罗马假日,1293839,8.9,457966
,,,,
https://movie.douban.com/subject/1851857/,蝙蝠侠：黑暗骑士,1851857,9.1,407141
,,,,
https://movie.douban.com/subject/1292343/,蝴蝶效应,1292343,8.7,442224
,,,,
https://movie.douban.com/subject/1299398/,大话西游之月光宝盒,1299398,8.9,497421
,,,,
https://movie.douban.com/subject/1297447/,倩女幽魂,1297447,8.6,301297
,,,,
https://movie.douban.com/subject/25864085/,火星救援,25864085,8.4,335694
,,,,
https://movie.douban.com/subject/1849031/,当幸福来敲门,1849031,9,661977
,,,,
https://movie.douban.com/subject/1292001/,海上钢琴师,1292001,9.2,696395
,,,,
https://movie.douban.com/subject/1787291/,被嫌弃的松子的一生,1787291,8.9,350189
,,,,
https://movie.douban.com/subject/6786002/,触不可及,6786002,9.2,446747
,,,,
https://movie.douban.com/subject/21937445/,辩护人,21937445,9.2,265177
,,,,
https://movie.douban.com/subject/2334904/,禁闭岛,2334904,8.7,420733
,,,,
https://movie.douban.com/subject/25921812/,驴得水,25921812,8.3,376802
,,,,
https://movie.douban.com/subject/26787574/,奇迹男孩,26787574,8.6,201326
,,,,
https://movie.douban.com/subject/1907966/,疯狂原始人,1907966,8.7,417082
,,,,
https://movie.douban.com/subject/26614893/,完美陌生人,26614893,8.6,235336
,,,,
https://movie.douban.com/subject/1309046/,V字仇杀队,1309046,8.8,503039
,,,,
https://movie.douban.com/subject/2129039/,飞屋环游记,2129039,8.9,602026
,,,,
https://movie.douban.com/subject/1292328/,东邪西毒,1292328,8.6,287016
,,,,
https://movie.douban.com/subject/26799731/,请以你的名字呼唤我,26799731,8.8,215108
,,,,
https://movie.douban.com/subject/4023638/,国王的演讲,4023638,8.3,371629
,,,,
https://movie.douban.com/subject/1292370/,剪刀手爱德华,1292370,8.7,557307
,,,,
https://movie.douban.com/subject/1291843/,黑客帝国,1291843,8.9,332700
,,,,
https://movie.douban.com/subject/4917726/,阳光姐妹淘,4917726,8.8,308605
,,,,
https://movie.douban.com/subject/1295124/,辛德勒的名单,1295124,9.4,473183
,,,,
https://movie.douban.com/subject/10485647/,X战警：逆转未来,10485647,8.2,281898
,,,,
https://movie.douban.com/subject/1302425/,喜剧之王,1302425,8.6,373027
,,,,
https://movie.douban.com/subject/1652587/,阿凡达,1652587,8.6,607310
,,,,
https://movie.douban.com/subject/3395373/,蝙蝠侠：黑暗骑士崛起,3395373,8.6,332176
,,,,
https://movie.douban.com/subject/25980443/,海边的曼彻斯特,25980443,8.6,231748
,,,,
https://movie.douban.com/subject/1291560/,龙猫,1291560,9.1,513220
,,,,
https://movie.douban.com/subject/26761416/,至暗时刻,26761416,8.5,173986
,,,,
https://movie.douban.com/subject/1292365/,活着,1292365,9.1,337034
,,,,
https://movie.douban.com/subject/10512661/,银翼杀手2049,10512661,8.3,230627
,,,,
https://movie.douban.com/subject/2043546/,秒速5厘米,2043546,8.3,336347
,,,,
https://movie.douban.com/subject/5912992/,熔炉,5912992,9.2,343533
,,,,
https://movie.douban.com/subject/1291543/,功夫,1291543,8.1,324802
,,,,
https://movie.douban.com/subject/11525673/,布达佩斯大饭店,11525673,8.8,380758
,,,,
https://movie.douban.com/subject/1292223/,七宗罪,1292223,8.7,495396
,,,,
https://movie.douban.com/subject/1978709/,黑天鹅,1978709,8.5,465300
,,,,
https://movie.douban.com/subject/1297574/,英雄本色,1297574,8.6,198743
,,,,
https://movie.douban.com/subject/1301753/,狮子王,1301753,8.9,334327
,,,,
https://movie.douban.com/subject/1292402/,西西里的美丽传说,1292402,8.8,421158
,,,,
https://movie.douban.com/subject/25983044/,比利・林恩的中场战事,25983044,8.4,237896
,,,,
https://movie.douban.com/subject/3011051/,恐怖游轮,3011051,8.4,368740
,,,,
https://movie.douban.com/subject/11026735/,超能陆战队,11026735,8.6,428707
,,,,
https://movie.douban.com/subject/1291841/,教父,1291841,9.2,417680
,,,,
https://movie.douban.com/subject/21318488/,消失的爱人,21318488,8.7,415342
,,,,
https://movie.douban.com/subject/1793929/,达拉斯买家俱乐部,1793929,8.7,210148
,,,,
https://movie.douban.com/subject/1291579/,怪兽电力公司,1291579,8.6,280945
,,,,
https://movie.douban.com/subject/4268598/,告白,4268598,8.7,390990
,,,,
https://movie.douban.com/subject/1828115/,色，戒,1828115,8.2,282564
,,,,
https://movie.douban.com/subject/1292220/,情书,1292220,8.8,437217
,,,,
https://movie.douban.com/subject/3287562/,神偷奶爸,3287562,8.5,441861
,,,,
https://movie.douban.com/subject/1293544/,沉默的羔羊,1293544,8.8,405942
,,,,
https://movie.douban.com/subject/10463953/,模仿游戏,10463953,8.6,287727
,,,,
https://movie.douban.com/subject/1295038/,哈利・波特与魔法石,1295038,8.8,320054
,,,,
https://movie.douban.com/subject/25724855/,房间,25724855,8.8,180124
,,,,
https://movie.douban.com/subject/1291858/,鬼子来了,1291858,9.2,284959
,,,,
https://movie.douban.com/subject/1291999/,重庆森林,1291999,8.7,384319
,,,,
https://movie.douban.com/subject/1291832/,低俗小说,1291832,8.8,392880
,,,,
https://movie.douban.com/subject/25917973/,心迷宫,25917973,8.6,210694
,,,,
https://movie.douban.com/subject/1308807/,哈尔的移动城堡,1308807,8.9,427278
,,,,
https://movie.douban.com/subject/10577869/,时空恋旅人,10577869,8.6,234827
,,,,
https://movie.douban.com/subject/1293359/,菊次郎的夏天,1293359,8.7,216413
,,,,
https://movie.douban.com/subject/1306029/,美丽心灵,1306029,8.9,356900
,,,,
https://movie.douban.com/subject/25765735/,金刚狼3：殊死一战,25765735,8.3,270316
,,,,
https://movie.douban.com/subject/5989818/,萤火之森,5989818,8.8,188426
,,,,
https://movie.douban.com/subject/26640371/,犬之岛,26640371,8.3,115139
,,,,
https://movie.douban.com/subject/1305487/,猫鼠游戏,1305487,8.8,280411
,,,,
https://movie.douban.com/subject/25807345/,彗星来的那一夜,25807345,8.4,207443
,,,,
https://movie.douban.com/subject/26628357/,一个叫欧维的男人决定去死,26628357,8.7,143135
,,,,
https://movie.douban.com/subject/3068206/,碟中谍4,3068206,8.2,279482
,,,,
https://movie.douban.com/subject/1291583/,天空之城,1291583,9,396947
,,,,
https://movie.douban.com/subject/1303394/,青蛇,1303394,8.5,249019
,,,,
https://movie.douban.com/subject/1309163/,恋恋笔记本,1309163,8.5,320303
,,,,
https://movie.douban.com/subject/1780330/,致命魔术,1780330,8.8,402223
,,,,
https://movie.douban.com/subject/26416603/,萨利机长,26416603,8.3,163719
,,,,
https://movie.douban.com/subject/25773932/,爆裂鼓手,25773932,8.6,267498
,,,,
https://movie.douban.com/subject/1291548/,死亡诗社,1291548,9,333795
,,,,
https://movie.douban.com/subject/1291571/,指环王1：魔戒再现,1291571,8.9,356766
,,,,
https://movie.douban.com/subject/3792799/,岁月神偷,3792799,8.6,338715
,,,,
https://movie.douban.com/subject/26340419/,帕丁顿熊2,26340419,8.1,121273
,,,,
https://movie.douban.com/subject/4286017/,速度与激情5,4286017,8.4,226958
,,,,
https://movie.douban.com/subject/1291552/,指环王3：王者无敌,1291552,9.1,339528
,,,,
https://movie.douban.com/subject/1418834/,断背山,1418834,8.7,368231
,,,,
https://movie.douban.com/subject/27113517/,血观音,27113517,8.2,104858
,,,,
https://movie.douban.com/subject/1291875/,阳光灿烂的日子,1291875,8.8,316109
,,,,
https://movie.douban.com/subject/1292401/,真爱至上,1292401,8.5,349246
,,,,
https://movie.douban.com/subject/10533913/,头脑特工队,10533913,8.7,263691
,,,,
https://movie.douban.com/subject/25895901/,海街日记,25895901,8.7,155703
,,,,
https://movie.douban.com/subject/3008247/,穿条纹睡衣的男孩,3008247,8.9,181532
,,,,
https://movie.douban.com/subject/6874403/,再次出发之纽约遇见你,6874403,8.5,194742
,,,,
https://movie.douban.com/subject/1291557/,花样年华,1291557,8.5,277035
,,,,
https://movie.douban.com/subject/1291818/,饮食男女,1291818,9.1,243632
,,,,
https://movie.douban.com/subject/2149806/,入殓师,2149806,8.8,352615
,,,,
https://movie.douban.com/subject/1308779/,后天,1308779,8.1,235417
,,,,
https://movie.douban.com/subject/6985810/,狩猎,6985810,9.1,156813
,,,,
https://movie.douban.com/subject/1294639/,勇敢的心,1294639,8.8,331919
,,,,
https://movie.douban.com/subject/1295409/,纵横四海,1295409,8.7,170574
,,,,
https://movie.douban.com/subject/1438652/,无耻混蛋,1438652,8.5,244844
,,,,
https://movie.douban.com/subject/1862151/,疯狂的石头,1862151,8.3,354583
,,,,
https://movie.douban.com/subject/1300267/,乱世佳人,1300267,9.2,320459
,,,,
https://movie.douban.com/subject/1291572/,指环王2：双塔奇兵,1291572,9,318657
,,,,
https://movie.douban.com/subject/24750126/,荒蛮故事,24750126,8.8,168368
,,,,
https://movie.douban.com/subject/1291545/,大鱼,1291545,8.7,289009
,,,,
https://movie.douban.com/subject/3011235/,哈利・波特与死亡圣器(下),3011235,8.7,313375
,,,,
https://movie.douban.com/subject/1292286/,我的野蛮女友,1292286,8.1,290527
,,,,
https://movie.douban.com/subject/2222996/,步履不停,2222996,8.8,97754
,,,,
https://movie.douban.com/subject/1308857/,可可西里,1308857,8.7,143570
,,,,
https://movie.douban.com/subject/1292224/,飞越疯人院,1292224,9,317522
,,,,
https://movie.douban.com/subject/5322596/,超脱,5322596,8.8,202628
,,,,
https://movie.douban.com/subject/1293350/,两杆大烟枪,1293350,9.1,314343
,,,,
https://movie.douban.com/subject/1858711/,玩具总动员3,1858711,8.8,215374
,,,,
https://movie.douban.com/subject/3006772/,第九区,3006772,8.2,246707
,,,,
https://movie.douban.com/subject/1418019/,大闹天宫,1418019,9.3,126229
,,,,
https://movie.douban.com/subject/1301168/,卧虎藏龙,1301168,8,200131
,,,,
https://movie.douban.com/subject/6534248/,无敌破坏王,6534248,8.7,207209
,,,,
https://movie.douban.com/subject/1292337/,无人知晓,1292337,9.1,83713
,,,,
https://movie.douban.com/subject/3075287/,源代码,3075287,8.4,445279
,,,,
https://movie.douban.com/subject/1292679/,春光乍泄,1292679,8.8,290057
,,,,
https://movie.douban.com/subject/25954475/,聚焦,25954475,8.8,142697
,,,,
https://movie.douban.com/subject/26277313/,西游记之大圣归来,26277313,8.2,410229
,,,,
https://movie.douban.com/subject/6722879/,她,6722879,8.3,243788
,,,,
https://movie.douban.com/subject/10831445/,百鸟朝凤,10831445,8,128437
,,,,
https://movie.douban.com/subject/3804891/,无人区,3804891,8.1,299350
,,,,
https://movie.douban.com/subject/1294371/,摩登时代,1294371,9.2,107547
,,,,
https://movie.douban.com/subject/2209573/,贫民窟的百万富翁,2209573,8.5,433112
,,,,
https://movie.douban.com/subject/1291879/,罗生门,1291879,8.7,142093
,,,,
https://movie.douban.com/subject/2133323/,白日梦想家,2133323,8.3,169448
,,,,
https://movie.douban.com/subject/1297630/,第六感,1297630,8.8,269646
,,,,
https://movie.douban.com/subject/1578507/,谍影重重3,1578507,8.7,204357
,,,,
https://movie.douban.com/subject/1308817/,两小无猜,1308817,8.1,332786
,,,,
https://movie.douban.com/subject/1292287/,新龙门客栈,1292287,8.5,206972
,,,,
https://movie.douban.com/subject/26259677/,垫底辣妹,26259677,8.1,181469
,,,,
https://movie.douban.com/subject/26773744/,相爱相亲,26773744,8.4,98443
,,,,
https://movie.douban.com/subject/1291990/,爱在日落黄昏时,1291990,8.8,226990
,,,,
https://movie.douban.com/subject/1291578/,冰川时代,1291578,8.5,306534
,,,,
https://movie.douban.com/subject/1304073/,假如爱有天意,1304073,8.2,248322
,,,,
https://movie.douban.com/subject/1293182/,十二怒汉,1293182,9.4,205211
,,,,
https://movie.douban.com/subject/1316510/,射雕英雄传之东成西就,1316510,8.7,314855
,,,,
https://movie.douban.com/subject/1305690/,阿飞正传,1305690,8.5,233986
,,,,
https://movie.douban.com/subject/10808442/,爱在午夜降临前,10808442,8.8,131253
,,,,
https://movie.douban.com/subject/1292225/,闪灵,1292225,8,174335
,,,,
https://movie.douban.com/subject/1760622/,香水,1760622,8.4,306140
,,,,
https://movie.douban.com/subject/1302827/,人工智能,1302827,8.6,212646
,,,,
https://movie.douban.com/subject/3824672/,听说,3824672,8.1,292624
,,,,
https://movie.douban.com/subject/3072086/,和莎莫的500天,3072086,8,329049
,,,,
https://movie.douban.com/subject/1294408/,音乐之声,1294408,8.9,268950
,,,,
https://movie.douban.com/subject/1294638/,E.T. 外星人,1294638,8.5,170266
,,,,
https://movie.douban.com/subject/2369845/,嫌疑人X的献身,2369845,8.3,141837
,,,,
https://movie.douban.com/subject/1292659/,变脸,1292659,8.4,233229
,,,,
https://movie.douban.com/subject/2300586/,这个男人来自地球,2300586,8.5,201812
,,,,
https://movie.douban.com/subject/25837262/,至爱梵高・星空之谜,25837262,8.5,124852
,,,,
https://movie.douban.com/subject/1308575/,蓝色大门,1308575,8.3,289360
,,,,
https://movie.douban.com/subject/1296736/,钢琴家,1296736,9,235285
,,,,
https://movie.douban.com/subject/1297052/,侧耳倾听,1297052,8.8,199067
,,,,
https://movie.douban.com/subject/1292262/,美国往事,1292262,9.1,204049
,,,,
https://movie.douban.com/subject/3072124/,玛丽和马克思,3072124,8.9,255661
,,,,
https://movie.douban.com/subject/1297359/,幽灵公主,1297359,8.8,270417
,,,,
https://movie.douban.com/subject/1293964/,魂断蓝桥,1293964,8.8,142234
,,,,
https://movie.douban.com/subject/24815950/,万物理论,24815950,8.2,139153
,,,,
https://movie.douban.com/subject/1905462/,荒野生存,1905462,8.6,138505
,,,,
https://movie.douban.com/subject/4876722/,钢的琴,4876722,8.4,191254
,,,,
https://movie.douban.com/subject/1304102/,谍影重重,1304102,8.5,213966
,,,,
https://movie.douban.com/subject/1308767/,谍影重重2,1308767,8.6,177726
,,,,
https://movie.douban.com/subject/1297518/,九品芝麻官,1297518,8.2,215780
,,,,
https://movie.douban.com/subject/10741643/,我的个神啊,10741643,8.4,202433
,,,,
https://movie.douban.com/subject/1296996/,哈利・波特与密室,1296996,8.3,207428
,,,,
https://movie.douban.com/subject/1388216/,撞车,1388216,8.6,189950
,,,,
https://movie.douban.com/subject/10757577/,卡罗尔,10757577,8.2,143717
,,,,
https://movie.douban.com/subject/1794171/,变形金刚,1794171,8.1,268079
,,,,
https://movie.douban.com/subject/24875534/,十二公民,24875534,8.3,156171
,,,,
https://movie.douban.com/subject/1291580/,杀死比尔,1291580,8.1,220316
,,,,
https://movie.douban.com/subject/3734112/,风声,3734112,8.1,300754
,,,,
https://movie.douban.com/subject/1303021/,小鞋子,1303021,9.2,168091
,,,,
https://movie.douban.com/subject/2973079/,霍比特人3：五军之战,2973079,8.2,213128
,,,,
https://movie.douban.com/subject/1292217/,穆赫兰道,1292217,8.3,254913
,,,,
https://movie.douban.com/subject/4202302/,借东西的小人阿莉埃蒂,4202302,8.7,247348
,,,,
https://movie.douban.com/subject/1865703/,红辣椒,1865703,8.9,159080
,,,,
https://movie.douban.com/subject/1307811/,魔女宅急便,1307811,8.5,219353
,,,,
https://movie.douban.com/subject/5964718/,一次别离,5964718,8.7,145752
,,,,
https://movie.douban.com/subject/26354572/,欢乐好声音,26354572,8.1,146779
,,,,
https://movie.douban.com/subject/5977835/,桃姐,5977835,8.3,207573
,,,,
https://movie.douban.com/subject/1966182/,霍比特人1：意外之旅,1966182,8.2,244206
,,,,
https://movie.douban.com/subject/1305164/,甜蜜蜜,1305164,8.8,260949
,,,,
https://movie.douban.com/subject/20645098/,小王子,20645098,8.1,160652
,,,,
https://movie.douban.com/subject/1315574/,加勒比海盗2：聚魂棺,1315574,8.1,221099
,,,,
https://movie.douban.com/subject/6860160/,悲惨世界,6860160,8.5,222443
,,,,
https://movie.douban.com/subject/2209575/,少年时代,2209575,8.5,147837
,,,,
https://movie.douban.com/subject/1867345/,遗愿清单,1867345,8.5,145688
,,,,
https://movie.douban.com/subject/25919910/,师父,25919910,8.1,165431
,,,,
https://movie.douban.com/subject/1309055/,哈利・波特与火焰杯,1309055,8.2,187382
,,,,
https://movie.douban.com/subject/1417598/,电锯惊魂,1417598,8.7,223257
,,,,
https://movie.douban.com/subject/11606328/,霍比特人2：史矛革之战,11606328,8.2,212236
,,,,
https://movie.douban.com/subject/1298653/,荒岛余生,1298653,8.5,149682
,,,,
https://movie.douban.com/subject/3168089/,X战警：第一战,3168089,8.2,207649
,,,,
https://movie.douban.com/subject/2213597/,朗读者,2213597,8.5,299577
,,,,
https://movie.douban.com/subject/1307739/,国产凌凌漆,1307739,8.2,184608
,,,,
https://movie.douban.com/subject/1294240/,教父3,1294240,8.8,150122
,,,,
https://movie.douban.com/subject/1305725/,大卫・戈尔的一生,1305725,8.6,105368
,,,,
https://movie.douban.com/subject/1292728/,勇闯夺命岛,1292728,8.6,154754
,,,,
https://movie.douban.com/subject/1293318/,萤火虫之墓,1293318,8.7,229323
,,,,
https://movie.douban.com/subject/1292233/,发条橙,1292233,8.5,202023
,,,,
https://movie.douban.com/subject/6549903/,逃离德黑兰,6549903,8.2,181808
,,,,
https://movie.douban.com/subject/20470074/,言叶之庭,20470074,8.2,140177
,,,,
https://movie.douban.com/subject/1418192/,加勒比海盗3：世界的尽头,1418192,8.1,206554
,,,,
https://movie.douban.com/subject/2365260/,爱在暹罗,2365260,8.3,225787
,,,,
https://movie.douban.com/subject/1303173/,甲方乙方,1303173,8.3,155419
,,,,
https://movie.douban.com/subject/1293088/,小鬼当家,1293088,8.1,210751
,,,,
https://movie.douban.com/subject/1309069/,蝙蝠侠：侠影之谜,1309069,8.3,159629
,,,,
https://movie.douban.com/subject/2124586/,飓风营救,2124586,8.2,141596
,,,,
https://movie.douban.com/subject/3071604/,丹麦女孩,3071604,8.1,110607
,,,,
https://movie.douban.com/subject/1428175/,血钻,1428175,8.5,149097
,,,,
https://movie.douban.com/subject/3789848/,怪兽大学,3789848,8.1,209337
,,,,
https://movie.douban.com/subject/1306505/,红高粱,1306505,8.3,108405
,,,,
https://movie.douban.com/subject/1937946/,穿越时空的少女,1937946,8.6,205328
,,,,
https://movie.douban.com/subject/1303037/,喜宴,1303037,8.8,159311
,,,,
https://movie.douban.com/subject/1291824/,黑鹰坠落,1291824,8.6,130571
,,,,
https://movie.douban.com/subject/1433360/,雏菊,1433360,8,190390
,,,,
https://movie.douban.com/subject/3007773/,海盗电台,3007773,8.6,176519
,,,,
https://movie.douban.com/subject/1777612/,阳光小美女,1777612,8.2,175351
,,,,
https://movie.douban.com/subject/1395091/,未麻的部屋,1395091,8.8,113749
,,,,
https://movie.douban.com/subject/1295399/,七武士,1295399,9.2,88596
,,,,
https://movie.douban.com/subject/1307315/,哪吒闹海,1307315,8.9,92510
,,,,
https://movie.douban.com/subject/1300117/,千钧一发,1300117,8.7,96467
,,,,
https://movie.douban.com/subject/10535568/,阿黛尔的生活,10535568,8.3,114852
,,,,
https://movie.douban.com/subject/1292226/,2001太空漫游,1292226,8.7,105832
,,,,
https://movie.douban.com/subject/1291575/,玩具总动员,1291575,8.2,161121
,,,,
https://movie.douban.com/subject/1308865/,老男孩,1308865,8.2,158771
,,,,
https://movie.douban.com/subject/1959877/,悬崖上的金鱼姬,1959877,8.3,199594
,,,,
https://movie.douban.com/subject/1292523/,侏罗纪公园,1292523,8,177727
,,,,
https://movie.douban.com/subject/1857099/,老无所依,1857099,8.1,143565
,,,,
https://movie.douban.com/subject/1793491/,美食总动员,1793491,8.3,191993
,,,,
https://movie.douban.com/subject/10537853/,万箭穿心,10537853,8.5,99409
,,,,
https://movie.douban.com/subject/10437779/,新世界,10437779,8.6,98558
,,,,
https://movie.douban.com/subject/1291853/,英国病人,1291853,8.5,186705
,,,,
https://movie.douban.com/subject/1292329/,牯岭街少年杀人事件,1292329,8.8,120090
,,,,
https://movie.douban.com/subject/2297265/,浪潮,2297265,8.7,147511
,,,,
https://movie.douban.com/subject/26303622/,大空头,26303622,8.4,96524
,,,,
https://movie.douban.com/subject/1292208/,上帝之城,1292208,8.9,174360
,,,,
https://movie.douban.com/subject/1291839/,银翼杀手,1291839,8.2,102800
,,,,
https://movie.douban.com/subject/1306861/,我是山姆,1306861,8.8,118932
,,,,
https://movie.douban.com/subject/1292214/,非常嫌疑犯,1292214,8.6,128176
,,,,
https://movie.douban.com/subject/1300868/,异形,1300868,8,106562
,,,,
https://movie.douban.com/subject/1299327/,夜访吸血鬼,1299327,8.3,206812
,,,,
https://movie.douban.com/subject/1950148/,赎罪,1950148,8.2,163636
,,,,
https://movie.douban.com/subject/1298898/,暗战,1298898,8.4,125497
,,,,
https://movie.douban.com/subject/1300741/,枪火,1300741,8.6,109625
,,,,
https://movie.douban.com/subject/1291844/,终结者2：审判日,1291844,8.6,156055
,,,,
https://movie.douban.com/subject/1291868/,情人,1291868,8.1,108916
,,,,
https://movie.douban.com/subject/1303815/,你丫闭嘴！,1303815,8,118717
,,,,
https://movie.douban.com/subject/25787888/,八恶人,25787888,8.4,119228
,,,,
https://movie.douban.com/subject/1296753/,卡萨布兰卡,1296753,8.6,136462
,,,,
https://movie.douban.com/subject/1294417/,笑傲江湖2：东方不败,1294417,8.3,95406
,,,,
https://movie.douban.com/subject/1300374/,绿里奇迹,1300374,8.7,118627
,,,,
https://movie.douban.com/subject/2053515/,曾经,2053515,8.3,213143
,,,,
https://movie.douban.com/subject/24741412/,哪啊哪啊神去村,24741412,8.5,97176
,,,,
https://movie.douban.com/subject/2027938/,神探,2027938,8.4,119594
,,,,
https://movie.douban.com/subject/25761178/,百元之恋,25761178,8.3,82155
,,,,
https://movie.douban.com/subject/1308777/,暖暖内含光,1308777,8.4,154385
,,,,
https://movie.douban.com/subject/1292275/,罗拉快跑,1292275,8.1,162808
,,,,
https://movie.douban.com/subject/1291992/,末路狂花,1291992,8.7,116204
,,,,
https://movie.douban.com/subject/3552028/,弱点,3552028,8.4,112450
,,,,
https://movie.douban.com/subject/1295865/,燃情岁月,1295865,8.7,161240
,,,,
https://movie.douban.com/subject/1296436/,有话好好说,1296436,8.1,95607
,,,,
https://movie.douban.com/subject/1308076/,蓝宇,1308076,8,132134
,,,,
https://movie.douban.com/subject/3006309/,追击者,3006309,8.4,112830
,,,,
https://movie.douban.com/subject/1301459/,小岛惊魂,1301459,8,140471
,,,,
https://movie.douban.com/subject/1300064/,家有喜事,1300064,8.2,100808
,,,,
https://movie.douban.com/subject/1300992/,完美的世界,1300992,9,93334
,,,,
https://movie.douban.com/subject/1300618/,空中监狱,1300618,8.1,121574
,,,,
https://movie.douban.com/subject/1293530/,角斗士,1293530,8.4,132051
,,,,
https://movie.douban.com/subject/1972698/,守望者,1972698,8.2,83140
,,,,
https://movie.douban.com/subject/1397546/,追随,1397546,8.9,90811
,,,,
https://movie.douban.com/subject/6536180/,黑暗面,6536180,8.1,95541
,,,,
https://movie.douban.com/subject/11584019/,海洋之歌,11584019,8.7,96769
,,,,
https://movie.douban.com/subject/3731581/,里约大冒险,3731581,8.3,232352
,,,,
https://movie.douban.com/subject/1298744/,十二猴子,1298744,8.1,134731
,,,,
https://movie.douban.com/subject/1296909/,虎口脱险,1296909,8.9,118194
,,,,
https://movie.douban.com/subject/1863766/,魔发奇缘,1863766,8.2,130821
,,,,
https://movie.douban.com/subject/1299603/,落水狗,1299603,8.3,112852
,,,,
https://movie.douban.com/subject/3908423/,夏日大作战,3908423,8.6,116102
,,,,
https://movie.douban.com/subject/2363506/,地球上的星星,2363506,8.8,96027
,,,,
https://movie.douban.com/subject/1308820/,花与爱丽丝,1308820,8.1,147103
,,,,
https://movie.douban.com/subject/1301171/,偷拐抢骗,1301171,8.5,122732
,,,,
https://movie.douban.com/subject/1325958/,蒂凡尼的早餐,1325958,8.1,135042
,,,,
https://movie.douban.com/subject/1309016/,百万美元宝贝,1309016,8.5,111354
,,,,
https://movie.douban.com/subject/1296778/,一树梨花压海棠,1296778,8.1,100748
,,,,
https://movie.douban.com/subject/1759386/,了不起的狐狸爸爸,1759386,8.4,123059
,,,,
https://movie.douban.com/subject/1291574/,玩具总动员2,1291574,8.1,90149
,,,,
https://movie.douban.com/subject/1300555/,回到未来,1300555,8.5,81963
,,,,
https://movie.douban.com/subject/1307394/,千年女优,1307394,8.6,104576
,,,,
https://movie.douban.com/subject/1293929/,廊桥遗梦,1293929,8.6,107293
,,,,
https://movie.douban.com/subject/1806555/,热血警探,1806555,8.3,96335
,,,,
https://movie.douban.com/subject/1297478/,上帝也疯狂,1297478,8.6,103661
,,,,
https://movie.douban.com/subject/3743114/,黄海,3743114,8.4,92338
,,,,
https://movie.douban.com/subject/4914468/,冰川时代4,4914468,8,155212
,,,,
https://movie.douban.com/subject/1292553/,真实的谎言,1292553,8.1,104406
,,,,
https://movie.douban.com/subject/4206436/,战马,4206436,8.1,165818
,,,,
https://movie.douban.com/subject/1298112/,堕落天使,1298112,8.2,80993
,,,,
https://movie.douban.com/subject/25750969/,夜行者,25750969,8.3,113937
,,,,
https://movie.douban.com/subject/1920805/,成为简・奥斯汀,1920805,8.2,162620
,,,,
https://movie.douban.com/subject/2357162/,冰川时代3,2357162,8.2,158118
,,,,
https://movie.douban.com/subject/1292222/,出租车司机,1292222,8.4,113675
,,,,
https://movie.douban.com/subject/6803494/,极速风流,6803494,8.7,85541
,,,,
https://movie.douban.com/subject/2286642/,名侦探柯南：贝克街的亡灵,2286642,8.8,86957
,,,,
https://movie.douban.com/subject/1293203/,人鬼情未了,1293203,8.2,145910
,,,,
https://movie.douban.com/subject/1301746/,汉尼拔,1301746,8.1,96331
,,,,
https://movie.douban.com/subject/1305666/,时时刻刻,1305666,8.5,90518
,,,,
https://movie.douban.com/subject/1937502/,追风筝的人,1937502,8.2,105582
,,,,
https://movie.douban.com/subject/1307793/,燕尾蝶,1307793,8.6,113705
,,,,
https://movie.douban.com/subject/1295045/,天才瑞普利,1295045,8.2,87066
,,,,
https://movie.douban.com/subject/2037012/,革命之路,2037012,8,120563
,,,,
https://movie.douban.com/subject/1300960/,碧海蓝天,1300960,8.7,113541
,,,,
https://movie.douban.com/subject/1291838/,红猪,1291838,8.4,101404
,,,,
https://movie.douban.com/subject/2044089/,杀手没有假期,2044089,8.1,91204
,,,,
https://movie.douban.com/subject/1433577/,赛末点,1433577,8.1,99603
,,,,
https://movie.douban.com/subject/1919245/,鬼妈妈,1919245,8.1,115263
https://movie.douban.com/subject/1292064/,楚门的世界,1292064,9.1,595134
,,,,
https://movie.douban.com/subject/24405378/,王牌特工：特工学院,24405378,8.4,380158
,,,,
https://movie.douban.com/subject/1900841/,窃听风暴,1900841,9.1,270127
,,,,
https://movie.douban.com/subject/26647117/,暴裂无声,26647117,8.2,177673
,,,,
https://movie.douban.com/subject/1418200/,傲慢与偏见,1418200,8.5,344373
,,,,
https://movie.douban.com/subject/25937854/,银河护卫队2,25937854,8,257125
,,,,
https://movie.douban.com/subject/1292849/,拯救大兵瑞恩,1292849,8.9,285524
,,,,
https://movie.douban.com/subject/10777687/,7号房的礼物,10777687,8.7,206009
,,,,
https://movie.douban.com/subject/25814705/,小森林 夏秋篇,25814705,8.9,163315
,,,,
https://movie.douban.com/subject/2353023/,驯龙高手,2353023,8.7,330025
,,,,
https://movie.douban.com/subject/1296141/,控方证人,1296141,9.6,131819
,,,,
https://movie.douban.com/subject/27059130/,大佛普拉斯,27059130,8.6,100461
,,,,
https://movie.douban.com/subject/25814707/,小森林 冬春篇,25814707,8.9,141206
,,,,
https://movie.douban.com/subject/4202982/,冰雪奇缘,4202982,8.3,337223
,,,,
https://movie.douban.com/subject/1291822/,卢旺达饭店,1291822,8.9,136665
,,,,
https://movie.douban.com/subject/3011308/,孤儿怨,3011308,8.1,224269
,,,,
https://movie.douban.com/subject/1300299/,杀人回忆,1300299,8.7,236717
,,,,
https://movie.douban.com/subject/1292528/,猜火车,1292528,8.5,271081
,,,,
https://movie.douban.com/subject/3205624/,社交网络,3205624,8.1,288212
,,,,
https://movie.douban.com/subject/1292434/,一一,1292434,8.9,177049
,,,,
https://movie.douban.com/subject/1419936/,战争之王,1419936,8.6,190831
,,,,
https://movie.douban.com/subject/1291544/,哈利・波特与阿兹卡班的囚徒,1291544,8.3,193420
,,,,
https://movie.douban.com/subject/1292062/,美国丽人,1292062,8.5,202152
,,,,
https://movie.douban.com/subject/1302467/,黑客帝国3：矩阵革命,1302467,8.6,175951
,,,,
https://movie.douban.com/subject/1307106/,无间道2,1307106,8.3,181362
,,,,
https://movie.douban.com/subject/1293181/,惊魂记,1293181,8.9,94948
,,,,
https://movie.douban.com/subject/1292270/,梦之安魂曲,1292270,8.7,123280
,,,,
https://movie.douban.com/subject/1291585/,风之谷,1291585,8.8,200904
,,,,
https://movie.douban.com/subject/4319218/,午夜巴黎,4319218,8.2,187380
,,,,
https://movie.douban.com/subject/1309060/,僵尸新娘,1309060,8.2,233093
,,,,
https://movie.douban.com/subject/24879820/,奇怪的她,24879820,8.3,129433
,,,,
https://movie.douban.com/subject/1304141/,黑客帝国2：重装上阵,1304141,8.4,158546
,,,,
https://movie.douban.com/subject/3073124/,月球,3073124,8.5,155999
,,,,
https://movie.douban.com/subject/4798888/,叫我第一名,4798888,8.6,117693
,,,,
https://movie.douban.com/subject/3217169/,勇士,3217169,8.9,94390
,,,,
https://movie.douban.com/subject/1972729/,铁甲钢拳,1972729,8.2,173082
,,,,
https://movie.douban.com/subject/25932086/,我是谁：没有绝对安全的系统,25932086,8,82530
,,,,
https://movie.douban.com/subject/4249355/,孤胆特工,4249355,8.1,127212
,,,,
https://movie.douban.com/subject/1293460/,雨中曲,1293460,9,102938
,,,,
https://movie.douban.com/subject/4206357/,龙纹身的女孩,4206357,8,163486
,,,,
https://movie.douban.com/subject/1301726/,兵临城下,1301726,8.4,99642
,,,,
https://movie.douban.com/subject/6019180/,开心家族,6019180,8.5,139842
,,,,
https://movie.douban.com/subject/4848115/,你看起来好像很好吃,4848115,8.8,172116
,,,,
https://movie.douban.com/subject/3726072/,东邪西毒：终极版,3726072,8.7,102249
,,,,
https://movie.douban.com/subject/6880497/,盗钥匙的方法,6880497,8.4,81651
,,,,
https://movie.douban.com/subject/1308741/,独自等待,1308741,8.1,152137
https://movie.douban.com/subject/25882296/,狄仁杰之四大天王,25882296,6.3,129434
,,,,
https://movie.douban.com/subject/26416062/,侏罗纪世界2,26416062,6.7,191561
,,,,
https://movie.douban.com/subject/27133303/,超时空同居,27133303,6.9,231210
,,,,
https://movie.douban.com/subject/26588308/,死侍2,26588308,7.5,104674
,,,,
https://movie.douban.com/subject/26842702/,燃烧,26842702,7.9,88358
,,,,
https://movie.douban.com/subject/26683723/,后来的我们,26683723,5.9,194238
,,,,
https://movie.douban.com/subject/26774033/,幕后玩家,26774033,5.7,99254
,,,,
https://movie.douban.com/subject/26430636/,狂暴巨兽,26430636,6.4,87251
,,,,
https://movie.douban.com/subject/20435622/,环太平洋：雷霆再起,20435622,5.5,135602
,,,,
https://movie.douban.com/subject/3445906/,古墓丽影：源起之战,3445906,6,92866
,,,,
https://movie.douban.com/subject/26997663/,寂静之地,26997663,6.3,145338
,,,,
https://movie.douban.com/subject/26384741/,湮灭,26384741,7.2,171502
,,,,
https://movie.douban.com/subject/26698897/,唐人街探案2,26698897,6.7,416369
,,,,
https://movie.douban.com/subject/6390825/,黑豹,6390825,6.4,214600
,,,,
https://movie.douban.com/subject/6874741/,无问西东,6874741,7.6,335382
,,,,
https://movie.douban.com/subject/26662193/,前任3：再见前任,26662193,5.5,233930
,,,,
https://movie.douban.com/subject/5350027/,妖猫传,5350027,6.9,405963
,,,,
https://movie.douban.com/subject/26774722/,心理罪之城市之光,26774722,5.9,83303
,,,,
https://movie.douban.com/subject/26797419/,二代妖精之今生有幸,26797419,5.5,84560
,,,,
https://movie.douban.com/subject/3914513/,马戏之王,3914513,7.7,88594
,,,,
https://movie.douban.com/subject/26586766/,勇敢者游戏：决战丛林,26586766,6.9,111179
,,,,
https://movie.douban.com/subject/11584016/,与神同行,11584016,7.7,92395
,,,,
https://movie.douban.com/subject/22265634/,星球大战8：最后的绝地武士,22265634,7.1,89728
,,,,
https://movie.douban.com/subject/2158490/,正义联盟,2158490,6.5,167969
,,,,
https://movie.douban.com/subject/25790761/,东方快车谋杀案,25790761,6.9,168165
,,,,
https://movie.douban.com/subject/25821634/,雷神3：诸神黄昏,25821634,7.4,216491
,,,,
https://movie.douban.com/subject/26942674/,神秘巨星,26942674,7.7,242408
,,,,
https://movie.douban.com/subject/27027913/,忌日快乐,27027913,7.1,123094
,,,,
https://movie.douban.com/subject/27038183/,羞羞的铁拳,27038183,6.9,397319
,,,,
https://movie.douban.com/subject/25723583/,英伦对决,25723583,7.1,131558
,,,,
https://movie.douban.com/subject/26425068/,追龙,26425068,7.2,157540
,,,,
https://movie.douban.com/subject/26926321/,缝纫机乐队,26926321,6.6,185902
,,,,
https://movie.douban.com/subject/26378579/,王牌特工2：黄金圈,26378579,6.9,217981
https://movie.douban.com/subject/26410594/,隧道,26410594,7.7,92849
,,,,
https://movie.douban.com/subject/26266072/,谍影重重5,26266072,7.3,128394
,,,,
https://movie.douban.com/subject/22939161/,星际迷航3：超越星辰,22939161,7.3,100297
,,,,
https://movie.douban.com/subject/21817627/,爱宠大机密,21817627,7.5,140788
,,,,
https://movie.douban.com/subject/25929151/,遇见你之前,25929151,7.6,120020
,,,,
https://movie.douban.com/subject/2131940/,魔兽,2131940,7.7,204152
,,,,
https://movie.douban.com/subject/25977027/,小姐,25977027,8,129816
,,,,
https://movie.douban.com/subject/25786060/,X战警：天启,25786060,7.7,225351
,,,,
https://movie.douban.com/subject/25777636/,奇幻森林,25777636,7.8,170690
,,,,
https://movie.douban.com/subject/25662327/,火锅英雄,25662327,7.2,206764
,,,,
https://movie.douban.com/subject/25820460/,美国队长3,25820460,7.7,265847
,,,,
https://movie.douban.com/subject/3718279/,死侍,3718279,7.6,213439
,,,,
https://movie.douban.com/subject/11589036/,功夫熊猫3,11589036,7.6,198290
,,,,
https://movie.douban.com/subject/26311973/,唐人街探案,26311973,7.5,346178
,,,,
https://movie.douban.com/subject/3077412/,寻龙诀,3077412,7.5,380267
,,,,
https://movie.douban.com/subject/20326665/,星球大战7：原力觉醒,20326665,7.1,150786
,,,,
https://movie.douban.com/subject/5327268/,荒野猎人,5327268,7.8,230717
,,,,
https://movie.douban.com/subject/26726098/,他是龙,26726098,7.4,108601
,,,,
https://movie.douban.com/subject/25966085/,踏血寻梅,25966085,7.4,103526
,,,,
https://movie.douban.com/subject/25798448/,解救吾先生,25798448,7.8,219988
,,,,
https://movie.douban.com/subject/25964071/,夏洛特烦恼,25964071,7.5,435828
,,,,
https://movie.douban.com/subject/10594965/,实习生,10594965,7.7,111662
,,,,
https://movie.douban.com/subject/26606242/,冈仁波齐,26606242,7.7,84461
,,,,
https://movie.douban.com/subject/24751756/,老炮儿,24751756,7.8,449523
,,,,
https://movie.douban.com/subject/26289144/,滚蛋吧！肿瘤君,26289144,7.4,234164
,,,,
https://movie.douban.com/subject/6845667/,秘密特工,6845667,8,84434
,,,,
https://movie.douban.com/subject/26366465/,我的少女时代,26366465,7.8,324724
,,,,
https://movie.douban.com/subject/25853727/,破风,25853727,7.2,81322
,,,,
https://movie.douban.com/subject/10727641/,碟中谍5：神秘国度,10727641,7.7,200364
,,,,
https://movie.douban.com/subject/25823132/,暗杀,25823132,8,120601
,,,,
https://movie.douban.com/subject/26393561/,小萝莉的猴神大叔,26393561,8.5,190398
,,,,
https://movie.douban.com/subject/1866473/,蚁人,1866473,7.6,242083
,,,,
https://movie.douban.com/subject/11624706/,小黄人大眼萌,11624706,7.3,149622
,,,,
https://movie.douban.com/subject/25746375/,我是路人甲,25746375,7.1,101675
,,,,
https://movie.douban.com/subject/23788440/,杀破狼2,23788440,7.3,108778
,,,,
https://movie.douban.com/subject/24719063/,烈日灼心,24719063,7.9,285642
,,,,
https://movie.douban.com/subject/10440138/,侏罗纪世界,10440138,7.7,243352
,,,,
https://movie.douban.com/subject/25752261/,女间谍,25752261,7.5,98186
,,,,
https://movie.douban.com/subject/2303845/,刺客聂隐娘,2303845,7.2,140721
,,,,
https://movie.douban.com/subject/25890005/,山河故人,25890005,7.8,135084
,,,,
https://movie.douban.com/subject/10741834/,复仇者联盟2：奥创纪元,10741834,7.2,264363
,,,,
https://movie.douban.com/subject/3592854/,疯狂的麦克斯4：狂暴之路,3592854,8.5,226732
,,,,
https://movie.douban.com/subject/23761370/,速度与激情7,23761370,8.3,285907
,,,,
https://movie.douban.com/subject/6846893/,超能查派,6846893,7.2,83808
,,,,
https://movie.douban.com/subject/10807909/,智取威虎山,10807909,7.7,235166
,,,,
https://movie.douban.com/subject/25870084/,重返20岁,25870084,7.2,214719
,,,,
https://movie.douban.com/subject/21349734/,博物馆奇妙夜3,21349734,7,101717
,,,,
https://movie.douban.com/subject/4160540/,机械姬,4160540,7.6,133683
,,,,
https://movie.douban.com/subject/25774050/,寄生兽,25774050,7.4,86598
,,,,
https://movie.douban.com/subject/2998373/,帕丁顿熊,2998373,7.6,135879
,,,,
https://movie.douban.com/subject/25926267/,一个勺子,25926267,7.7,88261
,,,,
https://movie.douban.com/subject/11810348/,马达加斯加的企鹅,11810348,7.4,81653
,,,,
https://movie.douban.com/subject/23331914/,狂怒,23331914,7.8,109744
,,,,
https://movie.douban.com/subject/10545939/,黄金时代,10545939,7.2,110508
,,,,
https://movie.douban.com/subject/25717233/,心花路放,25717233,7,287052
,,,,
https://movie.douban.com/subject/25798222/,亲爱的,25798222,8.4,286670
,,,,
https://movie.douban.com/subject/20438962/,鸟人,20438962,7.9,160222
,,,,
https://movie.douban.com/subject/25769362/,哆啦A梦：伴我同行,25769362,7.9,169591
,,,,
https://movie.douban.com/subject/24745500/,绣春刀,24745500,7.5,242953
,,,,
https://movie.douban.com/subject/24404677/,超体,24404677,7.1,281042
,,,,
https://movie.douban.com/subject/25805741/,后会无期,25805741,7.1,417405
,,,,
https://movie.douban.com/subject/7065154/,银河护卫队,7065154,8,289286
,,,,
https://movie.douban.com/subject/7046723/,猩球崛起2：黎明之战,7046723,7.5,180099
,,,,
https://movie.douban.com/subject/4746257/,明日边缘,4746257,8,272039
,,,,
https://movie.douban.com/subject/21352814/,归来,21352814,7.8,197841
,,,,
https://movie.douban.com/subject/4824512/,驯龙高手2,4824512,7.9,147307
,,,,
https://movie.douban.com/subject/24743711/,催眠大师,24743711,7.6,229538
,,,,
https://movie.douban.com/subject/6082518/,超凡蜘蛛侠2,6082518,7.3,146563
,,,,
https://movie.douban.com/subject/11443314/,里约大冒险2,11443314,7.6,84434
,,,,
https://movie.douban.com/subject/20278505/,前目的地,20278505,7.7,100384
,,,,
https://movie.douban.com/subject/6390823/,美国队长2,6390823,7.9,254311
,,,,
https://movie.douban.com/subject/21941804/,白日焰火,21941804,7.2,187991
,,,,
https://movie.douban.com/subject/20020577/,推拿,20020577,7.8,93763
,,,,
https://movie.douban.com/subject/10598440/,空中营救,10598440,7.5,82743
,,,,
https://movie.douban.com/subject/2997076/,华尔街之狼,2997076,7.7,165737
,,,,
https://movie.douban.com/subject/10763164/,扫毒,10763164,7.3,129049
,,,,
https://movie.douban.com/subject/6874456/,饥饿游戏2：星火燎原,6874456,7.3,155170
,,,,
https://movie.douban.com/subject/6879185/,为奴十二年,6879185,7.9,116627
,,,,
https://movie.douban.com/subject/6560058/,雷神2：黑暗世界,6560058,7.3,173429
,,,,
https://movie.douban.com/subject/3025447/,金蝉脱壳,3025447,7.6,141193
,,,,
https://movie.douban.com/subject/21937452/,素媛,21937452,9.1,227849
,,,,
https://movie.douban.com/subject/11510624/,全民目击,11510624,7.6,165874
,,,,
https://movie.douban.com/subject/3793783/,地心引力,3793783,7.8,270002
,,,,
https://movie.douban.com/subject/3071441/,雪国列车,3071441,7.3,189832
,,,,
https://movie.douban.com/subject/21360417/,恐怖直播,21360417,8.7,265574
,,,,
https://movie.douban.com/subject/10576419/,蓝色茉莉,10576419,7.9,97076
,,,,
https://movie.douban.com/subject/6791750/,起风了,6791750,7.9,115517
,,,,
https://movie.douban.com/subject/5323968/,环太平洋,5323968,7.6,293929
,,,,
https://movie.douban.com/subject/4915857/,神偷奶爸2,4915857,8,254321
,,,,
https://movie.douban.com/subject/10746175/,惊天危机,10746175,7.3,85626
,,,,
https://movie.douban.com/subject/20388223/,激战,20388223,7.8,118101
,,,,
https://movie.douban.com/subject/6057942/,隐秘而伟大,6057942,7.8,116528
,,,,
https://movie.douban.com/subject/3804629/,招魂,3804629,7.7,106086
,,,,
https://movie.douban.com/subject/2132473/,僵尸世界大战,2132473,7.3,137587
,,,,
https://movie.douban.com/subject/6537500/,速度与激情6,6537500,7.7,165968
,,,,
https://movie.douban.com/subject/6517421/,惊天魔盗团,6517421,7.5,286473
,,,,
https://movie.douban.com/subject/6872273/,盲探,6872273,7.1,141227
,,,,
https://movie.douban.com/subject/11529526/,中国合伙人,11529526,7.6,395326
,,,,
https://movie.douban.com/subject/3642843/,星际迷航2：暗黑无界,3642843,7.9,158351
,,,,
https://movie.douban.com/subject/3364223/,了不起的盖茨比,3364223,7.7,306014
,,,,
https://movie.douban.com/subject/3231742/,钢铁侠3,3231742,7.6,247149
,,,,
https://movie.douban.com/subject/10574468/,北京遇上西雅图,10574468,7.4,408070
,,,,
https://movie.douban.com/subject/6011806/,厨子戏子痞子,6011806,7,175156
,,,,
https://movie.douban.com/subject/5308265/,西游降魔篇,5308265,7.1,387988
,,,,
https://movie.douban.com/subject/3821067/,一代宗师,3821067,7.8,322159
,,,,
https://movie.douban.com/subject/6307447/,被解救的姜戈,6307447,8.6,288950
,,,,
https://movie.douban.com/subject/10574622/,人再逋局泰,10574622,7.4,487809
,,,,
https://movie.douban.com/subject/6011805/,一九四二,6011805,7.5,158054
,,,,
https://movie.douban.com/subject/10344754/,毒战,10344754,7.2,124644
,,,,
https://movie.douban.com/subject/6890730/,寒战,6890730,7.4,236011
,,,,
https://movie.douban.com/subject/3530403/,云图,3530403,8,290822
,,,,
https://movie.douban.com/subject/6844868/,狼少年,6844868,7.8,101220
https://movie.douban.com/subject/4739952/,初恋这件小事,4739952,8.3,511750
,,,,
https://movie.douban.com/subject/1291549/,放牛班的春天,1291549,9.2,563934
,,,,
https://movie.douban.com/subject/26580232/,看不见的客人,26580232,8.7,437183
,,,,
https://movie.douban.com/subject/1929463/,少年派的奇幻漂流,1929463,9,689330
,,,,
https://movie.douban.com/subject/1298624/,闻香识女人,1298624,8.9,388281
,,,,
https://movie.douban.com/subject/1292063/,美丽人生,1292063,9.5,524464
,,,,
https://movie.douban.com/subject/26607693/,敦刻尔克,26607693,8.4,372494
,,,,
https://movie.douban.com/subject/1293172/,末代皇帝,1293172,9,214668
,,,,
https://movie.douban.com/subject/1485260/,本杰明・巴顿奇事,1485260,8.8,456809
,,,,
https://movie.douban.com/subject/1304447/,记忆碎片,1304447,8.6,313746
,,,,
https://movie.douban.com/subject/1298070/,加勒比海盗,1298070,8.6,404417
,,,,
https://movie.douban.com/subject/1292656/,心灵捕手,1292656,8.8,319645
,,,,
https://movie.douban.com/subject/27019527/,嘉年华,27019527,8.3,121740
,,,,
https://movie.douban.com/subject/1292000/,搏击俱乐部,1292000,9,456700
,,,,
https://movie.douban.com/subject/1297192/,致命ID,1297192,8.7,370372
,,,,
https://movie.douban.com/subject/1296339/,爱在黎明破晓前,1296339,8.7,256771
,,,,
https://movie.douban.com/subject/1299131/,教父2,1299131,9.1,225902
,,,,
https://movie.douban.com/subject/1291828/,天堂电影院,1291828,9.1,355327
,,,,
https://movie.douban.com/subject/3649049/,金陵十三钗,3649049,8,350538
,,,,
https://movie.douban.com/subject/1292274/,幸福终点站,1292274,8.7,254831
,,,,
https://movie.douban.com/subject/1291870/,雨人,1291870,8.6,229973
,,,,
https://movie.douban.com/subject/3274505/,猩球崛起,3274505,8,268637
,,,,
https://movie.douban.com/subject/1291586/,海底总动员,1291586,8.3,217728
,,,,
https://movie.douban.com/subject/1766086/,太阳照常升起,1766086,8.1,128593
,,,,
https://movie.douban.com/subject/4826419/,金福南杀人事件始末,4826419,8.4,92599
,,,,
https://movie.douban.com/subject/1293323/,大红灯笼高高挂,1293323,8.4,109448
,,,,
https://movie.douban.com/subject/1299288/,胭脂扣,1299288,8.3,148370
,,,,
https://movie.douban.com/subject/1298759/,狗镇,1298759,8.4,82878
,,,,
https://movie.douban.com/subject/1296217/,一级恐惧,1296217,8.4,99002
,,,,
https://movie.douban.com/subject/1437342/,冰川时代2：融冰之灾,1437342,8,150134
,,,,
https://movie.douban.com/subject/1316572/,导盲犬小Q,1316572,8.4,118077
,,,,
https://movie.douban.com/subject/3993559/,赛德克・巴莱,3993559,8.7,102463
,,,,
https://movie.douban.com/subject/1301617/,不一样的天空,1301617,8.6,87364
,,,,
https://movie.douban.com/subject/26575103/,捉妖记2,26575103,5,160891
,,,,
https://movie.douban.com/subject/25829175/,西游记女儿国,25829175,4.4,83725
,,,,
https://movie.douban.com/subject/26661191/,奇门遁甲,26661191,4.4,80210
https://movie.douban.com/subject/25882296/,狄仁杰之四大天王,25882296,6.3,129434
,,,,
https://movie.douban.com/subject/26416062/,侏罗纪世界2,26416062,6.7,191561
,,,,
https://movie.douban.com/subject/27133303/,超时空同居,27133303,6.9,231210
,,,,
https://movie.douban.com/subject/26588308/,死侍2,26588308,7.5,104674
,,,,
https://movie.douban.com/subject/26842702/,燃烧,26842702,7.9,88358
,,,,
https://movie.douban.com/subject/26683723/,后来的我们,26683723,5.9,194238
,,,,
https://movie.douban.com/subject/26774033/,幕后玩家,26774033,5.7,99254
,,,,
https://movie.douban.com/subject/26430636/,狂暴巨兽,26430636,6.4,87251
,,,,
https://movie.douban.com/subject/20435622/,环太平洋：雷霆再起,20435622,5.5,135602
,,,,
https://movie.douban.com/subject/3445906/,古墓丽影：源起之战,3445906,6,92866
,,,,
https://movie.douban.com/subject/26997663/,寂静之地,26997663,6.3,145338
,,,,
https://movie.douban.com/subject/26384741/,湮灭,26384741,7.2,171502
,,,,
https://movie.douban.com/subject/26698897/,唐人街探案2,26698897,6.7,416369
,,,,
https://movie.douban.com/subject/6390825/,黑豹,6390825,6.4,214600
,,,,
https://movie.douban.com/subject/6874741/,无问西东,6874741,7.6,335382
,,,,
https://movie.douban.com/subject/26662193/,前任3：再见前任,26662193,5.5,233930
,,,,
https://movie.douban.com/subject/5350027/,妖猫传,5350027,6.9,405963
,,,,
https://movie.douban.com/subject/26774722/,心理罪之城市之光,26774722,5.9,83303
,,,,
https://movie.douban.com/subject/26797419/,二代妖精之今生有幸,26797419,5.5,84560
,,,,
https://movie.douban.com/subject/3914513/,马戏之王,3914513,7.7,88594
,,,,
https://movie.douban.com/subject/26586766/,勇敢者游戏：决战丛林,26586766,6.9,111179
,,,,
https://movie.douban.com/subject/11584016/,与神同行,11584016,7.7,92395
,,,,
https://movie.douban.com/subject/22265634/,星球大战8：最后的绝地武士,22265634,7.1,89728
,,,,
https://movie.douban.com/subject/2158490/,正义联盟,2158490,6.5,167969
,,,,
https://movie.douban.com/subject/25790761/,东方快车谋杀案,25790761,6.9,168165
,,,,
https://movie.douban.com/subject/25821634/,雷神3：诸神黄昏,25821634,7.4,216491
,,,,
https://movie.douban.com/subject/26942674/,神秘巨星,26942674,7.7,242408
,,,,
https://movie.douban.com/subject/27027913/,忌日快乐,27027913,7.1,123094
,,,,
https://movie.douban.com/subject/27038183/,羞羞的铁拳,27038183,6.9,397319
,,,,
https://movie.douban.com/subject/25723583/,英伦对决,25723583,7.1,131558
,,,,
https://movie.douban.com/subject/26425068/,追龙,26425068,7.2,157540
,,,,
https://movie.douban.com/subject/26926321/,缝纫机乐队,26926321,6.6,185902
,,,,
https://movie.douban.com/subject/26378579/,王牌特工2：黄金圈,26378579,6.9,217981
,,,,
https://movie.douban.com/subject/1792928/,金刚狼,1792928,7.3,164289
,,,,
https://movie.douban.com/subject/1297223/,鹿鼎记,1297223,7.9,152038
,,,,
https://movie.douban.com/subject/1306123/,英雄,1306123,7,148268
,,,,
https://movie.douban.com/subject/1835843/,博物馆奇妙夜,1835843,7.3,155753
,,,,
https://movie.douban.com/subject/24843198/,同桌的,24843198,5.8,173199
,,,,
https://movie.douban.com/subject/3077791/,在云端,3077791,7.9,162942
,,,,
https://movie.douban.com/subject/4059245/,观音山,4059245,7.1,150991
,,,,
https://movie.douban.com/subject/1890784/,门徒,1890784,7.6,139789
,,,,
https://movie.douban.com/subject/1466007/,寂静岭,1466007,7.5,158542
,,,,
https://movie.douban.com/subject/2129132/,超凡蜘蛛侠,2129132,7.2,166713
,,,,
https://movie.douban.com/subject/1308843/,我，机器人,1308843,8,155942
,,,,
https://movie.douban.com/subject/1484091/,水果硬糖,1484091,7.4,155379
,,,,
https://movie.douban.com/subject/1945330/,迷雾,1945330,7.8,163028
,,,,
https://movie.douban.com/subject/1292484/,碟中谍,1292484,8,146876
,,,,
https://movie.douban.com/subject/1307694/,无间道3：终极无间,1307694,7.8,147248
,,,,
https://movie.douban.com/subject/1866471/,雷神,1866471,6.8,161107
,,,,
https://movie.douban.com/subject/1293013/,独立日,1293013,7.9,151488
,,,,
https://movie.douban.com/subject/1302090/,逃学威龙,1302090,7.6,138383
,,,,
https://movie.douban.com/subject/1291835/,迷失东京,1291835,7.7,143308
,,,,
https://movie.douban.com/subject/1927686/,爱情呼叫转移,1927686,6.3,131523
,,,,
https://movie.douban.com/subject/6041191/,听风者,6041191,6.8,153978
,,,,
https://movie.douban.com/subject/1291555/,2046,1291555,7.5,136014
,,,,
https://movie.douban.com/subject/1292219/,关于莉莉周的一切,1292219,7.8,132005
,,,,
https://movie.douban.com/subject/1305265/,河东狮吼,1305265,6.8,133303
,,,,
https://movie.douban.com/subject/1302476/,麦兜故事,1302476,8.5,135643
,,,,
https://movie.douban.com/subject/1307023/,神话,1307023,6.4,136867
,,,,
https://movie.douban.com/subject/26630781/,我不是潘金莲,26630781,6.7,172975
,,,,
https://movie.douban.com/subject/1907464/,集结号,1907464,7.9,134918
,,,,
https://movie.douban.com/subject/26322792/,北京遇上西雅图之不二情书,26322792,6.5,167432
,,,,
https://movie.douban.com/subject/4051753/,大侦探福尔摩斯2：诡影游戏,4051753,7.5,153471
,,,,
https://movie.douban.com/subject/26606743/,嫌疑人X的献身,26606743,6.4,172339
,,,,
https://movie.douban.com/subject/1304585/,BJ单身日记,1304585,7.5,140848
,,,,
https://movie.douban.com/subject/1305724/,X战警2,1305724,7.6,143337
,,,,
https://movie.douban.com/subject/11803087/,异形：契约,11803087,7.3,156377
,,,,
https://movie.douban.com/subject/25920885/,神探夏洛克：可恶的新娘,25920885,6.9,160564
,,,,
https://movie.douban.com/subject/1309027/,罪恶之城,1309027,8.4,140642
,,,,
https://movie.douban.com/subject/24750534/,蝙蝠侠大战超人：正义黎明,24750534,6.7,163366
,,,,
https://movie.douban.com/subject/1293531/,第五元素,1293531,7.9,136301
,,,,
https://movie.douban.com/subject/1291581/,怪物史瑞克,1291581,7.9,128080
,,,,
https://movie.douban.com/subject/1294833/,花木兰,1294833,7.6,131735
,,,,
https://movie.douban.com/subject/1307323/,天下无双,1307323,7,127224
,,,,
https://movie.douban.com/subject/6080775/,黄金大劫案,6080775,6.8,148636
,,,,
https://movie.douban.com/subject/1297018/,冒牌天神,1297018,7.5,132304
,,,,
https://movie.douban.com/subject/3993588/,狼图腾,3993588,6.9,155362
,,,,
https://movie.douban.com/subject/4822848/,武林外传,4822848,6.4,142344
,,,,
https://movie.douban.com/subject/3078609/,爱情与灵药,3078609,7.1,138177
,,,,
https://movie.douban.com/subject/20505982/,寒战2,20505982,6.9,157127
,,,,
https://movie.douban.com/subject/1292444/,大逃杀,1292444,8,137692
https://movie.douban.com/subject/2268359/,暮光之城,2268359,7.3,301191
,,,,
https://movie.douban.com/subject/6386345/,春娇与志明,6386345,7.3,283989
,,,,
https://movie.douban.com/subject/26862259/,乘风破浪,26862259,6.8,350551
,,,,
https://movie.douban.com/subject/1309199/,史密斯夫妇,1309199,7.6,280506
,,,,
https://movie.douban.com/subject/3313801/,非诚勿扰,3313801,7.1,281511
,,,,
https://movie.douban.com/subject/2161696/,他其实没那么喜欢你,2161696,7.7,296076
,,,,
https://movie.douban.com/subject/26366496/,邪不压正,26366496,7.2,232642
,,,,
https://movie.douban.com/subject/3233635/,功夫熊猫2,3233635,8,288332
,,,,
https://movie.douban.com/subject/2135981/,画皮,2135981,6.5,274748
,,,,
https://movie.douban.com/subject/1291550/,天下无贼,1291550,7.8,261436
,,,,
https://movie.douban.com/subject/25726614/,神奇动物在哪里,25726614,7.8,310483
,,,,
https://movie.douban.com/subject/3025375/,奇异博士,3025375,7.6,312646
,,,,
https://movie.douban.com/subject/1432146/,钢铁侠,1432146,8,270004
,,,,
https://movie.douban.com/subject/26636712/,蚁人2：黄蜂女现身,26636712,7.5,145367
,,,,
https://movie.douban.com/subject/25723907/,捉妖记,25723907,6.7,299950
,,,,
https://movie.douban.com/subject/4271894/,非诚勿扰2,4271894,6.5,242526
,,,,
https://movie.douban.com/subject/3596502/,唐山大地震,3596502,7.5,234298
,,,,
https://movie.douban.com/subject/3041806/,叶问,3041806,7.5,213543
,,,,
https://movie.douban.com/subject/1309101/,查理和巧克力工厂,1309101,8,233848
,,,,
https://movie.douban.com/subject/1859036/,宝贝计划,1859036,7.2,225881
,,,,
https://movie.douban.com/subject/2146991/,变形金刚2,2146991,7.6,240852
,,,,
https://movie.douban.com/subject/2336785/,爱丽丝梦游仙境,2336785,7.1,233852
,,,,
https://movie.douban.com/subject/4724739/,单身男女,4724739,6.8,229651
,,,,
https://movie.douban.com/subject/5045678/,大鱼海棠,5045678,6.6,275650
,,,,
https://movie.douban.com/subject/3626416/,十月围城,3626416,7.7,231873
,,,,
https://movie.douban.com/subject/1578714/,神奇女侠,1578714,7,264469
,,,,
https://movie.douban.com/subject/3158990/,海角七号,3158990,7.5,209965
,,,,
https://movie.douban.com/subject/6799191/,搜索,6799191,7.3,236304
,,,,
https://movie.douban.com/subject/26752852/,水形物语,26752852,7.2,245881
,,,,
https://movie.douban.com/subject/3737102/,艋{,3737102,7.7,213512
,,,,
https://movie.douban.com/subject/3610047/,变形金刚3,3610047,7,227303
,,,,
https://movie.douban.com/subject/1820156/,我是传奇,1820156,7.9,219461
,,,,
https://movie.douban.com/subject/4066206/,全城热恋,4066206,6.3,213096
,,,,
https://movie.douban.com/subject/26260853/,速度与激情8,26260853,7,219846
,,,,
https://movie.douban.com/subject/3592853/,饥饿游戏,3592853,6.8,232319
,,,,
https://movie.douban.com/subject/1293351/,食神,1293351,7.8,210002
,,,,
https://movie.douban.com/subject/3227410/,加勒比海盗4：惊涛怪浪,3227410,7.5,222989
,,,,
https://movie.douban.com/subject/1961963/,长江七号,1961963,6.4,203129
,,,,
https://movie.douban.com/subject/1309172/,初恋50次,1309172,7.9,209578
,,,,
https://movie.douban.com/subject/1298038/,诺丁山,1298038,7.9,205989
,,,,
https://movie.douban.com/subject/25710912/,港,25710912,5.6,239481
,,,,
https://movie.douban.com/subject/25801066/,西游伏妖篇,25801066,5.6,252672
,,,,
https://movie.douban.com/subject/1305065/,公主日记,1305065,7.5,189000
,,,,
https://movie.douban.com/subject/24751763/,罗曼蒂克消亡史,24751763,7.7,230946
,,,,
https://movie.douban.com/subject/25895276/,煎饼侠,25895276,5.9,236476
,,,,
https://movie.douban.com/subject/4807924/,泰迪熊,4807924,7,203835
,,,,
https://movie.douban.com/subject/21324900/,降临,21324900,7.7,242405
,,,,
https://movie.douban.com/subject/4151110/,山楂树之恋,4151110,6.7,202212
,,,,
https://movie.douban.com/subject/3771562/,普罗米修斯,3771562,7.3,211347
,,,,
https://movie.douban.com/subject/3412882/,窃听风云,3412882,7.5,184475
,,,,
https://movie.douban.com/subject/25900945/,美女与野兽,25900945,7.2,196885
,,,,
https://movie.douban.com/subject/1309043/,金刚,1309043,7.8,188167
,,,,
https://movie.douban.com/subject/26925317/,动物世界,26925317,7.3,153158
,,,,
https://movie.douban.com/subject/2998270/,大侦探福尔摩斯,2998270,7.5,207366
,,,,
https://movie.douban.com/subject/2051007/,哈利・波特与死亡圣器(上),2051007,7.9,200323
,,,,
https://movie.douban.com/subject/6730004/,爱,6730004,7,196191
,,,,
https://movie.douban.com/subject/26270502/,绣春刀II：修罗战场,26270502,7.3,230286
,,,,
https://movie.douban.com/subject/2132495/,朱诺,2132495,7.9,185951
,,,,
https://movie.douban.com/subject/3066739/,钢铁侠2,3066739,7.3,202033
,,,,
https://movie.douban.com/subject/1306612/,蜘蛛侠,1306612,7.6,183838
,,,,
https://movie.douban.com/subject/24753477/,蜘蛛侠：英雄归来,24753477,7.3,226570
,,,,
https://movie.douban.com/subject/1329936/,大内密探零零发,1329936,7.7,185631
,,,,
https://movie.douban.com/subject/4212172/,十二生肖,4212172,6.6,204331
,,,,
https://movie.douban.com/subject/3230459/,李米的猜想,3230459,7.8,183853
,,,,
https://movie.douban.com/subject/7054604/,变形金刚4：绝迹重生,7054604,6.5,211163
,,,,
https://movie.douban.com/subject/2124703/,疯狂的赛车,2124703,7.9,193476
,,,,
https://movie.douban.com/subject/4896263/,将爱情进行到底,4896263,6.6,182162
,,,,
https://movie.douban.com/subject/4136036/,晚秋,4136036,6.9,186353
,,,,
https://movie.douban.com/subject/1297747/,少林足球,1297747,7.5,177645
,,,,
https://movie.douban.com/subject/27622447/,小偷家族,27622447,8.8,168367
,,,,
https://movie.douban.com/subject/6873143/,一条狗的使命,6873143,7.7,194387
,,,,
https://movie.douban.com/subject/1298128/,西雅图未眠夜,1298128,7.9,171951
,,,,
https://movie.douban.com/subject/3642835/,黑衣人3,3642835,7.5,190877
,,,,
https://movie.douban.com/subject/26811587/,大护法,26811587,7.8,215693
,,,,
https://movie.douban.com/subject/3820191/,杜拉拉升职记,3820191,5.6,183253
,,,,
https://movie.douban.com/subject/10605978/,私人订制,10605978,5.6,198131
,,,,
https://movie.douban.com/subject/1457217/,哈利・波特与凤凰社,1457217,7.8,177602
,,,,
https://movie.douban.com/subject/1308804/,我脑中的橡皮擦,1308804,7.8,165140
,,,,
https://movie.douban.com/subject/6311303/,加勒比海盗5：死无对证,6311303,7.2,211016
,,,,
https://movie.douban.com/subject/1885124/,时间旅行者的妻子,1885124,7.7,181501
,,,,
https://movie.douban.com/subject/4896304/,龙门飞甲,4896304,6.7,190120
,,,,
https://movie.douban.com/subject/6126442/,一步之遥,6126442,6.4,199512
,,,,
https://movie.douban.com/subject/1433330/,哈利・波特与混血王子,1433330,7.5,180460
,,,,
https://movie.douban.com/subject/1418070/,如果・爱,1418070,7.6,162008
,,,,
https://movie.douban.com/subject/1418752/,万能钥匙,1418752,7.8,186203
,,,,
https://movie.douban.com/subject/1297570/,变相怪杰,1297570,7.8,164180
,,,,
https://movie.douban.com/subject/4709904/,前度,4709904,7,167753
,,,,
https://movie.douban.com/subject/1301445/,黑衣人,1301445,8,170635
,,,,
https://movie.douban.com/subject/25884801/,记忆大师,25884801,7.1,207484
,,,,
https://movie.douban.com/subject/1302987/,珍珠港,1302987,7.8,154777
,,,,
https://movie.douban.com/subject/3148027/,暮光之城2：新月,3148027,6.5,165700
,,,,
https://movie.douban.com/subject/5422105/,窃听风云2,5422105,7.5,168142
,,,,
https://movie.douban.com/subject/3003830/,恋空,3003830,6.9,165559
,,,,
https://movie.douban.com/subject/1300300/,死神来了,1300300,7.7,163169
,,,,
https://movie.douban.com/subject/1981242/,午夜巴塞罗那,1981242,7.8,171536
,,,,
https://movie.douban.com/subject/4218768/,画皮2,4218768,5.9,176233
,,,,
https://movie.douban.com/subject/1306160/,新警察故事,1306160,7.3,153073
,,,,
https://movie.douban.com/subject/2363876/,007：大破天幕杀机,2363876,7,177477
,,,,
https://movie.douban.com/subject/3412830/,狄仁杰之通天帝国,3412830,6.4,174001
,,,,
https://movie.douban.com/subject/3240208/,非常完美,3240208,6,160466
,,,,
https://movie.douban.com/subject/2138838/,美国队长,2138838,6.7,178612
,,,,
https://movie.douban.com/subject/1329562/,头文字D,1329562,7,159496
,,,,
https://movie.douban.com/subject/1297863/,武状元苏乞儿,1297863,7.5,157218
,,,,
https://movie.douban.com/subject/3148748/,海扁王,3148748,7.5,172342
,,,,
https://movie.douban.com/subject/3233761/,宿醉,3233761,7.6,168168
,,,,
https://movie.douban.com/subject/26816383/,喜欢你,26816383,6.8,190746
,,,,
https://movie.douban.com/subject/1329950/,达・芬奇密码,1329950,7.2,155421
,,,,
https://movie.douban.com/subject/3578981/,叶问2：宗师传奇,3578981,7.2,152165
,,,,
https://movie.douban.com/subject/1295250/,X战警,1295250,7.6,161413
,,,,
https://movie.douban.com/subject/2213591/,重返十七岁,2213591,7.3,153189
,,,,
https://movie.douban.com/subject/1291577/,超人总动员,1291577,8,158259
https://movie.douban.com/subject/1401524/,X战警3：背水一战,1401524,7.5,137840
,,,,
https://movie.douban.com/subject/1949312/,全民超人汉考克,1949312,6.8,131816
,,,,
https://movie.douban.com/subject/1306809/,生化危机,1306809,7.9,135117
,,,,
https://movie.douban.com/subject/1763134/,汉江怪物,1763134,7.3,107002
,,,,
https://movie.douban.com/subject/1767042/,潘神的迷宫,1767042,7.8,138696
,,,,
https://movie.douban.com/subject/1308570/,蜘蛛侠2,1308570,7.3,129927
,,,,
https://movie.douban.com/subject/3094909/,乌云背后的幸福线,3094909,7.7,145370
,,,,
https://movie.douban.com/subject/1465829/,赤壁(上),1465829,6.3,130162
,,,,
https://movie.douban.com/subject/1305903/,心慌方,1305903,7.9,141245
,,,,
https://movie.douban.com/subject/26688480/,逃出绝命镇,26688480,7.6,157899
,,,,
https://movie.douban.com/subject/1291584/,杀死比尔2,1291584,7.8,135695
,,,,
https://movie.douban.com/subject/3550132/,非常主播,3550132,7.9,132156
,,,,
https://movie.douban.com/subject/1292271/,毕业生,1292271,7.9,124563
,,,,
https://movie.douban.com/subject/3732780/,第36个故事,3732780,7.6,129672
,,,,
https://movie.douban.com/subject/1300498/,百变星君,1300498,7.3,127588
,,,,
https://movie.douban.com/subject/25662337/,惊天魔盗团2,25662337,6.6,150579
,,,,
https://movie.douban.com/subject/6829652/,女朋友○男朋友,6829652,7.5,130826
,,,,
https://movie.douban.com/subject/3683409/,夜・店,3683409,6.6,132220
,,,,
https://movie.douban.com/subject/5996801/,狄仁杰之神都龙王,5996801,6.5,145561
,,,,
https://movie.douban.com/subject/26588314/,伯德小姐,26588314,7.9,147947
,,,,
https://movie.douban.com/subject/4190211/,致命伴旅,4190211,6.6,131267
,,,,
https://movie.douban.com/subject/1309201/,马达加斯加,1309201,7.8,125632
,,,,
https://movie.douban.com/subject/2028677/,雨果,2028677,7.6,138053
,,,,
https://movie.douban.com/subject/1292212/,天使之城,1292212,7.9,121500
,,,,
https://movie.douban.com/subject/1783772/,巴黎，我爱你,1783772,8.3,123703
,,,,
https://movie.douban.com/subject/20471852/,生化危机：终章,20471852,6.5,152636
,,,,
https://movie.douban.com/subject/1978369/,我的机器人女友,1978369,7.4,121481
,,,,
https://movie.douban.com/subject/5319835/,101次求婚,5319835,5.6,137387
,,,,
https://movie.douban.com/subject/1304022/,大腕,1304022,7.7,122135
,,,,
https://movie.douban.com/subject/24753810/,战狼,24753810,6.8,147343
,,,,
https://movie.douban.com/subject/4847665/,壁花少年,4847665,7.9,134394
,,,,
https://movie.douban.com/subject/1844413/,八月迷情,1844413,8.3,126695
,,,,
https://movie.douban.com/subject/1295280/,黑衣人2,1295280,7.5,127654
,,,,
https://movie.douban.com/subject/4913200/,大魔术师,4913200,6.6,133912
,,,,
https://movie.douban.com/subject/4843637/,最爱,4843637,7.3,126047
,,,,
https://movie.douban.com/subject/1292371/,四月物语,1292371,8.1,118446
,,,,
https://movie.douban.com/subject/1765009/,歌舞青春,1765009,7.7,112365
,,,,
https://movie.douban.com/subject/3279080/,敢死队,3279080,6.7,128593
,,,,
https://movie.douban.com/subject/25812712/,神偷奶爸3,25812712,6.8,147689
,,,,
https://movie.douban.com/subject/1304970/,猫的报恩,1304970,7.9,122934
,,,,
https://movie.douban.com/subject/1945336/,通缉令,1945336,7.4,128136
,,,,
https://movie.douban.com/subject/4881607/,撒娇女人最好命,4881607,5.7,134605
,,,,
https://movie.douban.com/subject/1309059/,艺伎回忆录,1309059,7.2,120437
,,,,
https://movie.douban.com/subject/1499148/,蓝莓之夜,1499148,7.6,117142
,,,,
https://movie.douban.com/subject/1308974/,偷心,1308974,7.8,121437
,,,,
https://movie.douban.com/subject/4924142/,时间规划局,4924142,6.9,129236
,,,,
https://movie.douban.com/subject/1309052/,纳尼亚传奇1：狮子、女巫和魔衣橱,1309052,7.2,114996
,,,,
https://movie.douban.com/subject/1308751/,特洛伊,1308751,7.4,96070
,,,,
https://movie.douban.com/subject/1303246/,狙击电话亭,1303246,7.9,127037
,,,,
https://movie.douban.com/subject/19973815/,分手合约,19973815,5.7,130642
,,,,
https://movie.douban.com/subject/3546019/,赵氏孤儿,3546019,5.9,125950
https://movie.douban.com/subject/3289086/,暮光之城3：月食,3289086,6.4,117070
,,,,
https://movie.douban.com/subject/3179706/,环形使者,3179706,6.8,131262
,,,,
https://movie.douban.com/subject/1308755/,僵尸肖恩,1308755,7.7,121747
,,,,
https://movie.douban.com/subject/26309788/,金刚：骷髅岛,26309788,6.6,143572
,,,,
https://movie.douban.com/subject/3230462/,女人不坏,3230462,6,114248
,,,,
https://movie.douban.com/subject/2049435/,超人：钢铁之躯,2049435,6.9,134975
,,,,
https://movie.douban.com/subject/1308722/,十面埋伏,1308722,5.8,114334
,,,,
https://movie.douban.com/subject/2037796/,丑女大翻身,2037796,7.1,109883
,,,,
https://movie.douban.com/subject/1303203/,瘦身男女,1303203,6.8,107012
,,,,
https://movie.douban.com/subject/3143676/,林中小屋,3143676,7.4,131704
,,,,
https://movie.douban.com/subject/1295229/,木乃伊,1295229,7.7,114487
,,,,
https://movie.douban.com/subject/26639958/,春娇救志明,26639958,7.1,138998
,,,,
https://movie.douban.com/subject/1308776/,加菲猫,1308776,7.6,109983
,,,,
https://movie.douban.com/subject/1418189/,蜘蛛侠3,1418189,7.1,116010
,,,,
https://movie.douban.com/subject/1947089/,投名状,1947089,7,114192
,,,,
https://movie.douban.com/subject/3178770/,马达加斯加3,3178770,8.2,123876
,,,,
https://movie.douban.com/subject/26320029/,万万没想到,26320029,5.5,136768
,,,,
https://movie.douban.com/subject/2359431/,保持通话,2359431,6.7,113892
,,,,
https://movie.douban.com/subject/6875263/,灰姑娘,6875263,6.8,130976
,,,,
https://movie.douban.com/subject/24751754/,前任攻略,24751754,6.1,132149
,,,,
https://movie.douban.com/subject/2294568/,南京！南京！,2294568,7.4,118335
,,,,
https://movie.douban.com/subject/1291554/,歌剧魅影,1291554,8.5,112585
,,,,
https://movie.douban.com/subject/25808075/,猩球崛起3：终极之战,25808075,6.8,137320
,,,,
https://movie.douban.com/subject/2223596/,特种部队：眼镜蛇的崛起,2223596,7.2,119561
,,,,
https://movie.douban.com/subject/1301578/,十一罗汉,1301578,7.9,114514
,,,,
https://movie.douban.com/subject/3269068/,精灵旅社,3269068,7.8,127627
,,,,
https://movie.douban.com/subject/26284621/,追凶者也,26284621,7.7,134451
,,,,
https://movie.douban.com/subject/4301224/,沉睡魔咒,4301224,6.9,126812
,,,,
https://movie.douban.com/subject/3011102/,假结婚,3011102,7.1,113943
,,,,
https://movie.douban.com/subject/1308848/,国家宝藏,1308848,7.6,109878
,,,,
https://movie.douban.com/subject/1498818/,通天塔,1498818,8,110500
,,,,
https://movie.douban.com/subject/4942776/,武侠,4942776,6.6,119301
,,,,
https://movie.douban.com/subject/1920796/,附注：我爱你,1920796,8.1,111556
,,,,
https://movie.douban.com/subject/5502697/,夺宝联盟,5502697,7.1,115680
,,,,
https://movie.douban.com/subject/1297102/,天生一对,1297102,8.3,113082
,,,,
https://movie.douban.com/subject/1299680/,整蛊专家,1299680,7.4,107078
https://movie.douban.com/subject/1308753/,公主日记2,1308753,6.9,102273
,,,,
https://movie.douban.com/subject/1308833/,空房间,1308833,8,105778
,,,,
https://movie.douban.com/subject/21349345/,移动迷宫,21349345,6.8,124743
,,,,
https://movie.douban.com/subject/1308587/,向左走．向右走,1308587,6.9,96914
,,,,
https://movie.douban.com/subject/24736566/,北京爱情故事,24736566,6.1,125301
,,,,
https://movie.douban.com/subject/1401533/,碟中谍3,1401533,7.3,108954
,,,,
https://movie.douban.com/subject/4176542/,杀生,4176542,7.7,118446
,,,,
https://movie.douban.com/subject/3041294/,生化危机4：战神再生,3041294,6.4,112216
,,,,
https://movie.douban.com/subject/1300656/,终结者,1300656,8,105606
,,,,
https://movie.douban.com/subject/3434070/,太空旅客,3434070,6.9,129570
https://movie.douban.com/subject/1418605/,夜宴,1418605,5.7,103912
https://movie.douban.com/subject/1307014/,不见不散,1307014,7.8,100398
https://movie.douban.com/subject/2028645/,拆弹部队,2028645,7.7,115198
https://movie.douban.com/subject/1308752/,生化危机2：启示录,1308752,7.6,108414
https://movie.douban.com/subject/1781126/,十二宫,1781126,7.3,109804
https://movie.douban.com/subject/1482911/,生化危机3：灭绝,1482911,7.1,106015
https://movie.douban.com/subject/3813779/,剑雨,3813779,7,110141
https://movie.douban.com/subject/4133988/,枪王之王,4133988,6.6,108241
https://movie.douban.com/subject/25818101/,攻壳机动队,25818101,6.4,124514
https://movie.douban.com/subject/11620560/,007：幽灵党,11620560,6.2,122699
https://movie.douban.com/subject/1820145/,理发师陶德,1820145,7.7,107218
https://movie.douban.com/subject/2153526/,特工绍特,2153526,7.2,109416
https://movie.douban.com/subject/3718424/,金刚狼2,3718424,6.3,115942
https://movie.douban.com/subject/1299661/,苏州河,1299661,7.9,100448
https://movie.douban.com/subject/1895120/,死寂,1895120,7.5,111920
https://movie.douban.com/subject/3569910/,自杀小队,3569910,6.2,122287
https://movie.douban.com/subject/1306951/,鹿鼎记2：神龙教,1306951,7.7,99157
https://movie.douban.com/subject/1293124/,惊情四百年,1293124,7.7,103088
https://movie.douban.com/subject/25894431/,星球大战外传：侠盗一号,25894431,7.3,122981
https://movie.douban.com/subject/3754946/,锦衣卫,3754946,5.9,107866
https://movie.douban.com/subject/1441602/,霍元甲,1441602,6.7,98621
https://movie.douban.com/subject/1292056/,蝴蝶,1292056,8.6,97411
https://movie.douban.com/subject/1291869/,本能,1291869,7.7,96768
https://movie.douban.com/subject/3279107/,大兵小将,3279107,6.8,106678
https://movie.douban.com/subject/3157605/,巴黎淘气帮,3157605,8.6,107166
https://movie.douban.com/subject/2257732/,博物馆奇妙夜2,2257732,6.8,104951
https://movie.douban.com/subject/1418190/,007：大战皇家赌场,1418190,7.4,100758
https://movie.douban.com/subject/2028666/,换子疑云,2028666,8.4,105580
https://movie.douban.com/subject/2063914/,哥斯拉,2063914,6.4,112718
https://movie.douban.com/subject/10726941/,窃听风云3,10726941,6.2,110142
https://movie.douban.com/subject/1298525/,碟中谍2,1298525,7,99378
https://movie.douban.com/subject/3291930/,赤壁(下),3291930,6.4,100068
https://movie.douban.com/subject/4133814/,线人,4133814,7.3,101483
https://movie.douban.com/subject/1853176/,斯巴达300勇士,1853176,7.7,96357
https://movie.douban.com/subject/5323957/,安德的游戏,5323957,6.9,111144
https://movie.douban.com/subject/2132932/,星际迷航,2132932,8,106624
https://movie.douban.com/subject/1305355/,审死官,1305355,7.5,94293
https://movie.douban.com/subject/1304899/,速度与激情,1304899,7.6,101350
https://movie.douban.com/subject/1309021/,康斯坦丁,1309021,7.8,102418
https://movie.douban.com/subject/6532822/,生化危机5：惩罚,6532822,5.8,105003
https://movie.douban.com/subject/11502973/,星际特工：千星之城,11502973,7,117283
https://movie.douban.com/subject/1307332/,冷山,1307332,8.1,94846
https://movie.douban.com/subject/1298644/,赌圣,1298644,7.4,90408
https://movie.douban.com/subject/1309045/,电锯惊魂2,1309045,8.1,95729
https://movie.douban.com/subject/6040982/,敢死队2,6040982,6.8,101611
https://movie.douban.com/subject/3001077/,谍影重重4,3001077,6.7,101813
https://movie.douban.com/subject/1300616/,买凶拍人,1300616,8.2,99140
https://movie.douban.com/subject/1293825/,漂亮女人,1293825,7.9,93022
https://movie.douban.com/subject/1309103/,神奇四侠,1309103,6.5,92875
https://movie.douban.com/subject/1293173/,古墓丽影,1293173,7,90292
https://movie.douban.com/subject/1866475/,无敌浩克,1866475,6.8,98893
https://movie.douban.com/subject/1304641/,红磨坊,1304641,7.9,92814
https://movie.douban.com/subject/11625097/,澳门风云,11625097,5.6,103375
https://movie.douban.com/subject/3289081/,暮光之城4：破晓(上),3289081,6.3,93107
https://movie.douban.com/subject/1304624/,旺角卡门,1304624,7.6,92233
https://movie.douban.com/subject/4009651/,斗牛,4009651,7.9,98282
https://movie.douban.com/subject/1291847/,十七岁的单车,1291847,7.8,84791
https://movie.douban.com/subject/1959195/,忠犬八公物语,1959195,9,70741
https://movie.douban.com/subject/3011093/,成长教育,3011093,7.7,96531
https://movie.douban.com/subject/2969282/,七磅,2969282,8.1,94155
https://movie.douban.com/subject/1408312/,笑林小子,1408312,7.8,83215
https://movie.douban.com/subject/1291856/,戏梦巴黎,1291856,7.9,89976
https://movie.douban.com/subject/5290729/,全球热恋,5290729,5.6,88347
https://movie.douban.com/subject/4164444/,127小时,4164444,8.1,95923
https://movie.douban.com/subject/25933890/,极盗车神,25933890,7,108180
https://movie.douban.com/subject/1307542/,火柴人,1307542,8.1,91251
https://movie.douban.com/subject/1298586/,木乃伊归来,1298586,7.4,85790
https://movie.douban.com/subject/1947549/,生死狙击,1947549,7.7,91676
https://movie.douban.com/subject/3895511/,遗落战境,3895511,6.9,99238
https://movie.douban.com/subject/25786077/,末日崩塌,25786077,7,101114
https://movie.douban.com/subject/26826398/,杀破狼・贪狼,26826398,7.1,106474
https://movie.douban.com/subject/1819388/,波斯王子：时之刃,1819388,7.1,94268
https://movie.douban.com/subject/6533054/,饥饿游戏3：嘲笑鸟(上),6533054,5.9,98265
https://movie.douban.com/subject/25858785/,澳门风云2,25858785,5.5,98163
https://movie.douban.com/subject/3742937/,超级战舰,3742937,6.6,95568
https://movie.douban.com/subject/1297689/,少数派报告,1297689,7.7,92183
https://movie.douban.com/subject/2132930/,速度与激情4,2132930,7.6,90119
https://movie.douban.com/subject/25827963/,西游记之孙悟空三打白骨精,25827963,5.6,104347
https://movie.douban.com/subject/7051830/,佩小姐的奇幻城堡,7051830,7.2,102424
https://movie.douban.com/subject/25755645/,老男孩猛龙过江,25755645,5.7,103274
https://movie.douban.com/subject/1306808/,咒怨,1306808,7.3,82971
https://movie.douban.com/subject/1297995/,美女与野兽,1297995,8.3,82292
https://movie.douban.com/subject/2082013/,欲望都市,2082013,7.7,80776
https://movie.douban.com/subject/3338862/,终结者：创世纪,3338862,6.9,97356
https://movie.douban.com/subject/1294990/,勇敢者的游戏,1294990,8,86586
https://movie.douban.com/subject/1300303/,我是谁,1300303,7.3,75122
https://movie.douban.com/subject/1296201/,逃学威龙2,1296201,7.3,80493
https://movie.douban.com/subject/2277018/,麦兜响当当,2277018,7.4,85057
https://movie.douban.com/subject/3006783/,机械师,3006783,6.9,89173
https://movie.douban.com/subject/26718838/,异星觉醒,26718838,6.5,102298
https://movie.douban.com/subject/1294927/,星愿,1294927,7.1,75070
https://movie.douban.com/subject/1300883/,赌神,1300883,8,79714
https://movie.douban.com/subject/1300069/,偷天陷阱,1300069,7.7,78310
https://movie.douban.com/subject/4097023/,新少林寺,4097023,5.9,86372
https://movie.douban.com/subject/3569911/,全面回忆,3569911,7,90532
https://movie.douban.com/subject/22266126/,王牌保镖,22266126,7.2,91291
https://movie.douban.com/subject/1297763/,方世玉,1297763,7.7,74080
https://movie.douban.com/subject/1293702/,侏罗纪公园2：失落的世界,1293702,7.4,79716
https://movie.douban.com/subject/1474189/,电锯惊魂3,1474189,7.8,78511
https://movie.douban.com/subject/1607471/,国家宝藏：夺宝秘笈,1607471,7.1,75616
https://movie.douban.com/subject/6991110/,消失的子弹,6991110,6.4,83100
https://movie.douban.com/subject/1297291/,夏日么么茶,1297291,6.7,66271
https://movie.douban.com/subject/1756073/,我们俩,1756073,8.6,74380
https://movie.douban.com/subject/1298443/,黄飞鸿,1298443,7.9,69772
https://movie.douban.com/subject/3217149/,忍者神龟：变种时代,3217149,6.4,84214
https://movie.douban.com/subject/3338851/,锅匠，裁缝，士兵，间谍,3338851,7.9,78423
https://movie.douban.com/subject/1292344/,十二罗汉,1292344,7.1,73372
https://movie.douban.com/subject/1293377/,芳芳,1293377,8.1,69922
https://movie.douban.com/subject/3578925/,我家买了动物园,3578925,7.8,78032
https://movie.douban.com/subject/1295253/,美国派,1295253,7.3,69602
https://movie.douban.com/subject/5318669/,转山,5318669,7.9,77036
https://movie.douban.com/subject/1829230/,舞出我人生,1829230,7.6,70700
https://movie.douban.com/subject/1652618/,速度与激情3：东京漂移,1652618,6.6,75481
https://movie.douban.com/subject/1307442/,速度与激情2,1307442,7.2,74802
https://movie.douban.com/subject/1303139/,玩命快递,1303139,7.2,71738
https://movie.douban.com/subject/1300613/,土拨鼠之日,1300613,8.5,79889
https://movie.douban.com/subject/1309160/,机械师,1309160,7.5,74756
https://movie.douban.com/subject/21441132/,爱丽丝梦游仙境2：镜中奇遇记,21441132,6.7,83388
https://movie.douban.com/subject/1306939/,推手,1306939,8.4,74964
https://movie.douban.com/subject/11610281/,敢死队3,11610281,6.7,79178
https://movie.douban.com/subject/1428602/,杀破狼,1428602,7.3,72478
https://movie.douban.com/subject/4811813/,独立日2：卷土重来,4811813,5.6,83435
https://movie.douban.com/subject/1946882/,007：大破量子危机,1946882,6.4,71159
https://movie.douban.com/subject/6985803/,少年斯派维的奇异旅行,6985803,8.5,75227
https://movie.douban.com/subject/2044102/,导火线,2044102,7,69177
https://movie.douban.com/subject/3606971/,飓风营救2,3606971,6.7,76007
https://movie.douban.com/subject/20266753/,警察故事2013,20266753,5.7,77791
https://movie.douban.com/subject/1293838/,星球大战,1293838,8.3,71502
https://movie.douban.com/subject/1966464/,苹果,1966464,6.5,65013
https://movie.douban.com/subject/1304677/,千王之王2000,1304677,6.8,64193
https://movie.douban.com/subject/25955491/,罪恶之家,25955491,8.3,80060
https://movie.douban.com/subject/2997134/,创：战纪,2997134,6.5,74771
https://movie.douban.com/subject/1395776/,逃出克隆岛,1395776,7.1,70642
https://movie.douban.com/subject/1307527/,黑夜传说,1307527,7.4,68451
https://movie.douban.com/subject/2147854/,好好先生,2147854,7.6,70148
https://movie.douban.com/subject/1293792/,异形2,1293792,7.9,68698
https://movie.douban.com/subject/11598977/,叶问3,11598977,6.3,78912
https://movie.douban.com/subject/1305333/,终结者3,1305333,7.1,66588
https://movie.douban.com/subject/25738406/,如晴天，似雨天,25738406,8.3,77619
https://movie.douban.com/subject/1292704/,黄飞鸿之三：狮王争霸,1292704,7.8,62119
https://movie.douban.com/subject/1297909/,A计划,1297909,7.8,64888
https://movie.douban.com/subject/1295686/,盗火线,1295686,8.4,70076
https://movie.douban.com/subject/3179758/,邻家特工,3179758,6.1,69971
https://movie.douban.com/subject/26337866/,路边野餐,26337866,7.8,77847
https://movie.douban.com/subject/1293399/,莫扎特传,1293399,8.6,67857
https://movie.douban.com/subject/1309184/,恐怖蜡像馆,1309184,6.8,64870
https://movie.douban.com/subject/26363254/,战狼2,26363254,7.1,558209
https://movie.douban.com/subject/25815034/,湄公河行动,25815034,8,416227
https://movie.douban.com/subject/1482072/,穿普拉达的女王,1482072,7.9,371403
https://movie.douban.com/subject/26862829/,芳华,26862829,7.7,478793
https://movie.douban.com/subject/19944106/,美人鱼,19944106,6.7,456980
https://movie.douban.com/subject/4305436/,志明与春娇,4305436,8,348847
https://movie.douban.com/subject/25827935/,七月与安生,25827935,7.6,319846
https://movie.douban.com/subject/3005875/,2012,3005875,7.7,318800
https://movie.douban.com/subject/1783457/,功夫熊猫,1783457,7.9,330323
https://movie.douban.com/subject/6973376/,致我们终将逝去的青春,6973376,6.6,361340
https://movie.douban.com/subject/4237879/,人在逋,4237879,7.5,337902
https://movie.douban.com/subject/2124724/,不能说的秘密,2124724,7.7,280972
https://movie.douban.com/subject/4191644/,一天,4191644,7.8,308777
https://movie.douban.com/subject/1296629/,倩女幽魂2：人间道,1296629,7.8,77204
https://movie.douban.com/subject/1292218/,中央车站,1292218,8.7,76950
https://movie.douban.com/subject/26804147/,摩天营救,26804147,6.4,62841
https://movie.douban.com/subject/26942631/,起跑线,26942631,7.9,88519
https://movie.douban.com/subject/6537486/,登堂入室,6537486,8.5,80095
https://movie.douban.com/subject/2131654/,诸神之战,2131654,6,76569
https://movie.douban.com/subject/6424814/,分歧者：异类觉醒,6424814,6.4,80705
https://movie.douban.com/subject/3819877/,活埋,3819877,7.8,78172
https://movie.douban.com/subject/1307762/,赤裸特工,1307762,6.3,66300
https://movie.douban.com/subject/1294561/,太极张三丰,1294561,7.5,66328
https://movie.douban.com/subject/4889554/,暮光之城4：破晓(下),4889554,6.6,71824
https://movie.douban.com/subject/26022182/,她,26022182,7.7,77660
https://movie.douban.com/subject/10733376/,逆光飞翔,10733376,8.2,74076
https://movie.douban.com/subject/26775933/,暴雪将至,26775933,7,80302
https://movie.douban.com/subject/5996800/,太极1：从零开始,5996800,5.7,73885
https://movie.douban.com/subject/1922273/,电锯惊魂4,1922273,7.6,65346
https://movie.douban.com/subject/1299059/,倚天屠龙记之魔教教主,1299059,7.3,65040
https://movie.douban.com/subject/3104794/,赤焰战场,3104794,7.5,69476
https://movie.douban.com/subject/1309136/,范海辛,1309136,7.1,65211
https://movie.douban.com/subject/4301181/,特种部队2：全面反击,4301181,6.4,70696
https://movie.douban.com/subject/26353372/,夜行动物,26353372,7.4,74687
https://movie.douban.com/subject/1293527/,美国X档案,1293527,8.5,67292
https://movie.douban.com/subject/3074503/,功夫梦,3074503,6.3,66166
https://movie.douban.com/subject/24860563/,招魂2,24860563,7.6,74063
https://movie.douban.com/subject/1291936/,攻壳机动队,1291936,8.9,67177
https://movie.douban.com/subject/1300055/,全金属外壳,1300055,8.5,65636
https://movie.douban.com/subject/1316580/,春夏秋冬又一春,1316580,8.5,64625
https://movie.douban.com/subject/19957083/,泰迪熊2,19957083,6.5,68488
https://movie.douban.com/subject/6527269/,危险关系,6527269,5.8,65151
https://movie.douban.com/subject/3011997/,伊甸湖,3011997,7.6,67514
https://movie.douban.com/subject/1585236/,纳尼亚传奇2：凯斯宾王子,1585236,6.8,60928
https://movie.douban.com/subject/26000205/,鲨滩,26000205,7.1,71701
https://movie.douban.com/subject/3023164/,点球成金,3023164,8.2,66293
https://movie.douban.com/subject/25809384/,极盗者,25809384,6.9,69840
https://movie.douban.com/subject/1307354/,绿巨人浩克,1307354,6.6,60039
https://movie.douban.com/subject/26748673/,拆弹专家,26748673,6.3,71363
https://movie.douban.com/subject/26437237/,瑞士军刀男,26437237,7.8,69060
https://movie.douban.com/subject/11600078/,目击者之追凶,11600078,8.2,71212
https://movie.douban.com/subject/25819229/,云中行走,25819229,7.6,68813
https://movie.douban.com/subject/3041749/,天伦之旅,3041749,8.6,64398
https://movie.douban.com/subject/4116481/,极乐空间,4116481,6.2,65871
https://movie.douban.com/subject/4116480/,菲利普船长,4116480,8.1,66485
https://movie.douban.com/subject/25995508/,移动迷宫2,25995508,5.7,67031
https://movie.douban.com/subject/3628370/,阿黛拉的非凡冒险,3628370,6.8,60890
https://movie.douban.com/subject/3397503/,未知死亡,3397503,8,61264
https://movie.douban.com/subject/3592859/,囚徒,3592859,8,64026
https://movie.douban.com/subject/10484041/,横道世之介,10484041,8.8,63054
https://movie.douban.com/subject/24860318/,但丁密码,24860318,6.2,64223
https://movie.douban.com/subject/26600660/,分裂,26600660,7.3,64778
https://movie.douban.com/subject/26717795/,健忘村,26717795,6.7,63475
https://movie.douban.com/subject/10741220/,布鲁克林,10741220,7.8,61653
https://movie.douban.com/subject/4873490/,失恋33天,4873490,7.3,421585
https://movie.douban.com/subject/1300566/,赌侠,1300566,7.4,80982
https://movie.douban.com/subject/4906427/,万有引力,4906427,6.4,78810
https://movie.douban.com/subject/1994876/,马达加斯加2：逃往非洲,1994876,7.6,81199
https://movie.douban.com/subject/1962116/,我在伊朗长大,1962116,8.6,79912
https://movie.douban.com/subject/1297544/,国家公敌,1297544,8.1,76581
https://movie.douban.com/subject/1292348/,洛城机密,1292348,8.7,82480
https://movie.douban.com/subject/1294766/,泰山,1294766,7.6,70926
https://movie.douban.com/subject/1793909/,预见未来,1793909,7.1,74167
https://movie.douban.com/subject/1299745/,破坏之王,1299745,7.4,73470
https://movie.douban.com/subject/1467044/,魔术师,1467044,7.6,75893
https://movie.douban.com/subject/20388198/,风暴,20388198,6.4,83674
https://movie.douban.com/subject/7059671/,最佳出价,7059671,8.3,75795
https://movie.douban.com/subject/1297862/,英雄本色2,1297862,8.2,65354
https://movie.douban.com/subject/25823833/,天将雄师,25823833,5.9,74484
https://movie.douban.com/subject/25766754/,年轻气盛,25766754,8.2,70045
https://movie.douban.com/subject/1410556/,终结者2018,1410556,6.7,67023
https://movie.douban.com/subject/10047547/,饥饿游戏3：嘲笑鸟(下),10047547,6.2,71720
https://movie.douban.com/subject/3078390/,太平轮(上),3078390,5.8,70815
https://movie.douban.com/subject/3009161/,守法公民,3009161,7.9,68832
https://movie.douban.com/subject/2350904/,电锯惊魂5,2350904,7.6,60480
https://movie.douban.com/subject/26654269/,瞒天过海：美人计,26654269,6.8,71870
https://movie.douban.com/subject/1301169/,跳出我天地,1301169,8.8,60484
https://movie.douban.com/subject/1437109/,黑暗侵袭,1437109,7.5,64609
https://movie.douban.com/subject/1309070/,飞行家,1309070,7.9,62195
https://movie.douban.com/subject/25830732/,王牌贱谍：格林斯比,25830732,7.2,67711
https://movie.douban.com/subject/10810745/,超验骇客,10810745,6.5,65909
https://movie.douban.com/subject/21263666/,美国狙击手,21263666,7.5,64248
https://movie.douban.com/subject/3077742/,机械战警,3077742,6.3,62738
https://movie.douban.com/subject/25881247/,边境杀手,25881247,7.5,64264
https://movie.douban.com/subject/4944008/,香肠派对,4944008,7.1,64363
https://movie.douban.com/subject/25835293/,失孤,25835293,6.5,61923
https://movie.douban.com/subject/24529353/,绝地逃亡,24529353,5.5,63392
https://movie.douban.com/subject/26314816/,九条命,26314816,6.9,62061
